outcome_group,outcome_category,location,literal_text,text_position,_key,_table_number,_extraction_method,_table_source,outcome_name,effect_size,standard_error,p_value,ci_lower,ci_upper,n_observations,_page_number
Income,Income - Midline,"Table 1; Effect of Haku Wiñay on midline Income; Row: HW; Column: Income, ML (1)",HW | 1879.80** (817.99),"Table 1, Row 'HW', Column 'Income, ML'",36VWQDDT,1,twopass_llm,,,,,,,,,
Social Capital/Empowerment,Internality Index,Table 1; Row: HW; Column: Internality,HW | 0.22** (0.10),"Table 1, Row 'HW', Column 'Internality'",36VWQDDT,1,twopass_llm,,,,,,,,,
Social Capital/Empowerment,Chance Index,Table 1; Row: HW; Column: Chance,HW | -0.11 (0.12),"Table 1, Row 'HW', Column 'Chance'",36VWQDDT,1,twopass_llm,,,,,,,,,
Social Capital/Empowerment,Powerful Others Index,Table 1; Row: HW; Column: Power. oth.,HW | 0.07 (0.13),"Table 1, Row 'HW', Column 'Power. oth.'",36VWQDDT,1,twopass_llm,,,,,,,,,
Social Capital/Empowerment,Hope Index,Table 1; Row: HW; Column: Hope3,HW | 0.32*** (0.10),"Table 1, Row 'HW', Column 'Hope3'",36VWQDDT,1,twopass_llm,,,,,,,,,
Expenditure/Consumption,Consumption,Table 2; Row: Graduation; Column: Cons.,Graduation | -0.24*** (0.01),"Table 2, Row 'Graduation', Column 'Cons.'",36VWQDDT,4,twopass_llm,,,,,,,,,
Assets,Assets,Table 2; Row: Graduation; Column: Assets,Graduation | 4.20*** (0.06),"Table 2, Row 'Graduation', Column 'Assets'",36VWQDDT,4,twopass_llm,,,,,,,,,
Other,Productivity,Table 2; Row: Graduation; Column: Prod.,Graduation | 0.53*** (0.01),"Table 2, Row 'Graduation', Column 'Prod.'",36VWQDDT,4,twopass_llm,,,,,,,,,
Poverty,Non-poor status,Table 2; Row: Graduation; Column: Non-poor,Graduation | 0.26*** (0.01),"Table 2, Row 'Graduation', Column 'Non-poor'",36VWQDDT,4,twopass_llm,,,,,,,,,
Expenditure/Consumption,Consumption - Heterogeneous effects by initial assets and psychological assets,Table 2; Heterogeneity analysis; Row: Graduation × Above median I. Psych. assets; Column: Cons.,Graduation × Above median I. Psych. assets | 1.50*** (0.01),"Table 2, Row 'Graduation × Above median I. Psych. assets', Column 'Cons.'",36VWQDDT,4,twopass_llm,,,,,,,,,
Assets,Assets - Heterogeneous effects by initial assets and psychological assets,Table 2; Heterogeneity analysis; Row: Graduation × Above median I. Psych. assets; Column: Assets,Graduation × Above median I. Psych. assets | 1.47*** (0.15),"Table 2, Row 'Graduation × Above median I. Psych. assets', Column 'Assets'",36VWQDDT,4,twopass_llm,,,,,,,,,
Other,Productivity - Heterogeneous effects by initial assets and psychological assets,Table 2; Heterogeneity analysis; Row: Graduation × Above median I. Psych. assets; Column: Prod.,Graduation × Above median I. Psych. assets | 0.88*** (0.03),"Table 2, Row 'Graduation × Above median I. Psych. assets', Column 'Prod.'",36VWQDDT,4,twopass_llm,,,,,,,,,
Poverty,Non-poor status - Heterogeneous effects by initial assets and psychological assets,Table 2; Heterogeneity analysis; Row: Graduation × Above median I. Psych. assets; Column: Non-poor,Graduation × Above median I. Psych. assets | -0.50*** (0.01),"Table 2, Row 'Graduation × Above median I. Psych. assets', Column 'Non-poor'",36VWQDDT,4,twopass_llm,,,,,,,,,
Social Capital/Empowerment,Family index,Table 16; Indexed family outcome variables and aggregates; Row: Treatment; Column: Family index,Treatment | 0.0897*** (0.0336),"Table 16, Row 'Treatment', Column 'Family index'",55XQSDKK,unknown,tei_fallback,tei_xml,,,,,,,,
Social Capital/Empowerment,Family decision making index,Table 16; Indexed family outcome variables and aggregates; Row: Treatment; Column: Family decision making index,Treatment | 0.0897*** (0.0336),"Table 16, Row 'Treatment', Column 'Family decision making index'",55XQSDKK,unknown,tei_fallback,tei_xml,,,,,,,,
Social Capital/Empowerment,Family relationship index,Table 16; Indexed family outcome variables and aggregates; Row: Treatment; Column: Family relationship index,Treatment | 0.0897*** (0.0336),"Table 16, Row 'Treatment', Column 'Family relationship index'",55XQSDKK,unknown,tei_fallback,tei_xml,,,,,,,,
Other,Benefit-Cost Ratio,Table 17; Cost-Benefit Analysis,Benefit-Cost Ratio: 1.59,Table 17,55XQSDKK,unknown,tei_fallback,tei_xml,,,,,,,,
Education,Math scores - Urban,Table 5; Panel A: Urban sample; Row: Math scores,"Coef. 0.040, p-value=0.012, q-value=0.037, Control mean=0.073 (SD=0.261)","Table 5, Row (1), Panel A",6WTBIFX2,5,twopass_llm,,,,,,,,,
Education,Math scores - Rural,Table 5; Panel B: Rural sample; Row: Math scores,"Coef. 0.112, RI p-value=0.000, q-value=0.001, Control mean=0.026 (SD=0.160)","Table 5, Row (1), Panel B",6WTBIFX2,5,twopass_llm,,,,,,,,,
Financial Inclusion,Knowledge of financial institutions - Urban,Table 5; Panel A: Urban sample; Row: Financial literacy outcomes - financial institutions,"Coef. 0.097, p-value=0.002, q-value=0.008, Control mean=0.713 (SD=0.452)","Table 5, Row (2), Panel A",6WTBIFX2,5,twopass_llm,,,,,,,,,
Financial Inclusion,Knowledge of financial institutions - Rural,Table 5; Panel B: Rural sample; Row: Financial literacy outcomes - financial institutions,"Coef. 0.257, RI p-value=0.001, q-value=0.004, Control mean=0.539 (SD=0.499)","Table 5, Row (2), Panel B",6WTBIFX2,5,twopass_llm,,,,,,,,,
Financial Inclusion,Knowledge of financial accounts - Urban,Table 5; Panel A: Urban sample; Row: Financial literacy outcomes - financial accounts,"Coef. 0.051, p-value=0.039, q-value=0.079, Control mean=0.776 (SD=0.417)","Table 5, Row (3), Panel A",6WTBIFX2,5,twopass_llm,,,,,,,,,
Financial Inclusion,Knowledge of financial accounts - Rural,Table 5; Panel B: Rural sample; Row: Financial literacy outcomes - financial accounts,"Coef. 0.263, RI p-value=0.000, q-value=0.001, Control mean=0.503 (SD=0.500)","Table 5, Row (3), Panel B",6WTBIFX2,5,twopass_llm,,,,,,,,,
Financial Inclusion,Knowledge of loan qualifications - Urban,Table 5; Panel A: Urban sample; Row: Financial literacy outcomes - loan qualifications,"Coef. 0.125, p-value=0.000, q-value=0.001, Control mean=0.599 (SD=0.490)","Table 5, Row (4), Panel A",6WTBIFX2,5,twopass_llm,,,,,,,,,
Financial Inclusion,Knowledge of loan qualifications - Rural,Table 5; Panel B: Rural sample; Row: Financial literacy outcomes - loan qualifications,"Coef. 0.242, RI p-value=0.002, q-value=0.006, Control mean=0.379 (SD=0.486)","Table 5, Row (4), Panel B",6WTBIFX2,5,twopass_llm,,,,,,,,,
Financial Inclusion,Knowledge of mobile money - Urban,Table 5; Panel A: Urban sample; Row: Financial literacy outcomes - mobile money,"Coef. 0.009, p-value=0.761, q-value=0.809, Control mean=0.482 (SD=0.500)","Table 5, Row (5), Panel A",6WTBIFX2,5,twopass_llm,,,,,,,,,
Financial Inclusion,Knowledge of mobile money - Rural,Table 5; Panel B: Rural sample; Row: Financial literacy outcomes - mobile money,"Coef. 0.094, RI p-value=0.013, q-value=0.012, Control mean=0.338 (SD=0.474)","Table 5, Row (5), Panel B",6WTBIFX2,5,twopass_llm,,,,,,,,,
Financial Inclusion,Setting a saving goal - Urban,Table 5; Panel A: Urban sample; Row: Setting a saving goal,"Coef. 0.151, p-value=0.000, q-value=0.001, Control mean=0.101 (SD=0.302)","Table 5, Row (6), Panel A",6WTBIFX2,5,twopass_llm,,,,,,,,,
Financial Inclusion,Setting a saving goal - Rural,Table 5; Panel B: Rural sample; Row: Setting a saving goal,"Coef. 0.352, RI p-value=0.000, q-value=0.001, Control mean=0.036 (SD=0.187)","Table 5, Row (6), Panel B",6WTBIFX2,5,twopass_llm,,,,,,,,,
Financial Inclusion,Having one financial account - Urban,Table 5; Panel A: Urban sample; Row: Financial inclusion outcomes - having one financial account,"Coef. 0.023, p-value=0.463, q-value=0.608, Control mean=0.522 (SD=0.500)","Table 5, Row (7), Panel A",6WTBIFX2,5,twopass_llm,,,,,,,,,
Financial Inclusion,Having one financial account - Rural,Table 5; Panel B: Rural sample; Row: Financial inclusion outcomes - having one financial account,"Coef. 0.230, RI p-value=0.006, q-value=0.001, Control mean=0.335 (SD=0.473)","Table 5, Row (7), Panel B",6WTBIFX2,5,twopass_llm,,,,,,,,,
Financial Inclusion,Having multiple financial accounts - Urban,Table 5; Panel A: Urban sample; Row: Financial inclusion outcomes - having multiple financial accounts,"Coef. 0.011, p-value=0.658, q-value=0.737, Control mean=0.182 (SD=0.385)","Table 5, Row (8), Panel A",6WTBIFX2,5,twopass_llm,,,,,,,,,
Financial Inclusion,Having multiple financial accounts - Rural,Table 5; Panel B: Rural sample; Row: Financial inclusion outcomes - having multiple financial accounts,"Coef. 0.035, RI p-value=0.002, q-value=0.012, Control mean=0.026 (SD=0.160)","Table 5, Row (8), Panel B",6WTBIFX2,5,twopass_llm,,,,,,,,,
Financial Inclusion,Bookkeeping - Urban,Table 5; Panel A: Urban sample; Row: Bookkeeping,"Coef. 0.263, p-value=0.000, q-value=0.001, Control mean=0.094 (SD=0.292)","Table 5, Row (9), Panel A",6WTBIFX2,5,twopass_llm,,,,,,,,,
Financial Inclusion,Bookkeeping - Rural,Table 5; Panel B: Rural sample; Row: Bookkeeping,"Coef. 0.466, RI p-value=0.000, q-value=0.001, Control mean=0.042 (SD=0.202)","Table 5, Row (9), Panel B",6WTBIFX2,5,twopass_llm,,,,,,,,,
Financial Inclusion,Account balance - Urban,Table 5; Panel A: Urban sample; Row: Account balance,"Coef. 744.1, p-value=0.062, q-value=0.120, Control mean=648.8 (SD=3161)","Table 5, Row (10), Panel A",6WTBIFX2,5,twopass_llm,,,,,,,,,
Financial Inclusion,Account balance - Rural,Table 5; Panel B: Rural sample; Row: Account balance,"Coef. 216.0, RI p-value=0.018, q-value=0.013, Control mean=405.5 (SD=1698)","Table 5, Row (10), Panel B",6WTBIFX2,5,twopass_llm,,,,,,,,,
Income,Total Income - Urban,Table 7; Panel A: Urban sample; Row: Coef.; Column: (1) Total Income,Coef. | 2964.4 [p-value: 0.534],"Table 7, Panel A, Column (1)",6WTBIFX2,7,twopass_llm,,,,,,,,,
Income,Employment Income - Urban,Table 7; Panel A: Urban sample; Row: Coef.; Column: (2),Coef. | 2307.6 [p-value: 0.492],"Table 7, Panel A, Column (2)",6WTBIFX2,7,twopass_llm,,,,,,,,,
Income,Business Income - Urban,Table 7; Panel A: Urban sample; Row: Coef.; Column: (3),Coef. | -18.1 [p-value: 0.997],"Table 7, Panel A, Column (3)",6WTBIFX2,7,twopass_llm,,,,,,,,,
Income,Farming Income - Urban,Table 7; Panel A: Urban sample; Row: Coef.; Column: (4),Coef. | 64.1 [p-value: 0.453],"Table 7, Panel A, Column (4)",6WTBIFX2,7,twopass_llm,,,,,,,,,
Income,Agriculture Income - Urban,Table 7; Panel A: Urban sample; Row: Coef.; Column: (5),Coef. | 328.9 [p-value: 0.212],"Table 7, Panel A, Column (5)",6WTBIFX2,7,twopass_llm,,,,,,,,,
Income,Increase in number of income sources - Urban,Table 7; Panel A: Urban sample; Row: Coef.; Column: (6),Coef. | 0.003 [p-value: 0.861],"Table 7, Panel A, Column (6)",6WTBIFX2,7,twopass_llm,,,,,,,,,
Expenditure/Consumption,Expenditure - Urban,Table 7; Panel A: Urban sample; Row: Coef.; Column: (7),Coef. | -92.8 [p-value: 0.665],"Table 7, Panel A, Column (7)",6WTBIFX2,7,twopass_llm,,,,,,,,,
Income,Total Income - Rural,Table 7; Panel B: Rural sample; Row: Coef.; Column: (1),Coef. | 3755.5 [p-value: 0.017]**,"Table 7, Panel B, Column (1)",6WTBIFX2,7,twopass_llm,,,,,,,,,
Income,Employment Income - Rural,Table 7; Panel B: Rural sample; Row: Coef.; Column: (2),Coef. | -4335.8 [p-value: 0.015]**,"Table 7, Panel B, Column (2)",6WTBIFX2,7,twopass_llm,,,,,,,,,
Income,Business Income - Rural,Table 7; Panel B: Rural sample; Row: Coef.; Column: (3),Coef. | 5732.5 [p-value: 0.008]***,"Table 7, Panel B, Column (3)",6WTBIFX2,7,twopass_llm,,,,,,,,,
Income,Farming Income - Rural,Table 7; Panel B: Rural sample; Row: Coef.; Column: (4),Coef. | 342.7 [p-value: 0.008]***,"Table 7, Panel B, Column (4)",6WTBIFX2,7,twopass_llm,,,,,,,,,
Income,Agriculture Income - Rural,Table 7; Panel B: Rural sample; Row: Coef.; Column: (5),Coef. | 476.3 [p-value: 0.011]**,"Table 7, Panel B, Column (5)",6WTBIFX2,7,twopass_llm,,,,,,,,,
Income,Increase in number of income sources - Rural,Table 7; Panel B: Rural sample; Row: Coef.; Column: (6),Coef. | 0.079 [p-value: 0.009]***,"Table 7, Panel B, Column (6)",6WTBIFX2,7,twopass_llm,,,,,,,,,
Expenditure/Consumption,Expenditure - Rural,Table 7; Panel B: Rural sample; Row: Coef.; Column: (7),Coef. | 314.5 [p-value: 0.010]***,"Table 7, Panel B, Column (7)",6WTBIFX2,7,twopass_llm,,,,,,,,,
Social Capital/Empowerment,Decision making - borrowing from neighbors/relatives/friends - Urban,Table 8; Row: (5); Column: Panel A: Urban sample,"Coef: 0.080, p-value: 0.048, Control mean: 0.729","Table 8, Row (5), Column: Panel A Urban sample",6WTBIFX2,8,twopass_llm,,,,,,,,,
Social Capital/Empowerment,Decision making - borrowing from neighbors/relatives/friends - Rural,Table 8; Row: (5); Column: Panel B: Rural sample,"Coef: 0.085, RI p-value: 0.014, Control mean: 0.600","Table 8, Row (5), Column: Panel B Rural sample",6WTBIFX2,8,twopass_llm,,,,,,,,,
Social Capital/Empowerment,Decision making - applying for loan - Urban,Table 8; Row: (4); Column: Panel A: Urban sample,"Coef: 0.038, p-value: 0.352, Control mean: 0.729","Table 8, Row (4), Column: Panel A Urban sample",6WTBIFX2,8,twopass_llm,,,,,,,,,
Social Capital/Empowerment,Decision making - applying for loan - Rural,Table 8; Row: (4); Column: Panel B: Rural sample,"Coef: 0.096, RI p-value: 0.014, Control mean: 0.596","Table 8, Row (4), Column: Panel B Rural sample",6WTBIFX2,8,twopass_llm,,,,,,,,,
Social Capital/Empowerment,Decision making - CCT payment use - Urban,Table 8; Row: (3); Column: Panel A: Urban sample,"Coef: 0.020, p-value: 0.372, Control mean: 0.944","Table 8, Row (3), Column: Panel A Urban sample",6WTBIFX2,8,twopass_llm,,,,,,,,,
Social Capital/Empowerment,Decision making - CCT payment use - Rural,Table 8; Row: (3); Column: Panel B: Rural sample,"Coef: -0.003, RI p-value: 0.010, Control mean: 0.956","Table 8, Row (3), Column: Panel B Rural sample",6WTBIFX2,8,twopass_llm,,,,,,,,,
Social Capital/Empowerment,Decision making - children's education - Urban,Table 8; Row: (2); Column: Panel A: Urban sample,"Coef: 0.029, p-value: 0.273, Control mean: 0.899","Table 8, Row (2), Column: Panel A Urban sample",6WTBIFX2,8,twopass_llm,,,,,,,,,
Social Capital/Empowerment,Decision making - children's education - Rural,Table 8; Row: (2); Column: Panel B: Rural sample,"Coef: 0.037, RI p-value: 0.013, Control mean: 0.846","Table 8, Row (2), Column: Panel B Rural sample",6WTBIFX2,8,twopass_llm,,,,,,,,,
Social Capital/Empowerment,Husband exclusive decision maker - Urban,Table 8; Row: (1); Column: Panel A: Urban sample,"Coef: -0.061, p-value: 0.108, Control mean: 0.167","Table 8, Row (1), Column: Panel A Urban sample",6WTBIFX2,8,twopass_llm,,,,,,,,,
Social Capital/Empowerment,Husband exclusive decision maker - Rural,Table 8; Row: (1); Column: Panel B: Rural sample,"Coef: -0.052, RI p-value: 0.016, Control mean: 0.289","Table 8, Row (1), Column: Panel B Rural sample",6WTBIFX2,8,twopass_llm,,,,,,,,,
Work/Employment,Total labor hours,Table 3; Row: Total labor hours,Total labor hours,"Table 3, Column 1",949EZS93,3,twopass_llm,,,,,,,,,
Work/Employment,Chores hours,Table 3; Row: Chores,Chores,"Table 3, Column 2",949EZS93,3,twopass_llm,,,,,,,,,
Work/Employment,Farm work hours,Table 3; Row: Farm work,Farm work,"Table 3, Column 3",949EZS93,3,twopass_llm,,,,,,,,,
Work/Employment,Skilled labor hours,Table 3; Row: Skilled labor,Skilled labor,"Table 3, Column 4",949EZS93,3,twopass_llm,,,,,,,,,
Work/Employment,Total labor hours,Table 4; Row: Total labor hours,Total labor hours,"Table 4, Column 1",949EZS93,4,twopass_llm,,,,,,,,,
Work/Employment,Chores hours,Table 4; Row: Chores,Chores,"Table 4, Column 2",949EZS93,4,twopass_llm,,,,,,,,,
Work/Employment,Farm work hours,Table 4; Row: Farm work,Farm work,"Table 4, Column 3",949EZS93,4,twopass_llm,,,,,,,,,
Work/Employment,Skilled labor hours,Table 4; Row: Skilled labor,Skilled labor,"Table 4, Column 4",949EZS93,4,twopass_llm,,,,,,,,,
Work/Employment,Total labor days,Table 7; Row: Total labor days; Column: (1),Total labor days,"Table 7, Column 1",949EZS93,7,twopass_llm,,,,,,,,,
Work/Employment,Farm work labor days,Table 7; Row: Farm work; Column: (2),Farm work,"Table 7, Column 2",949EZS93,7,twopass_llm,,,,,,,,,
Work/Employment,Skilled labor days,Table 7; Row: Skilled labor; Column: (3),Skilled labor,"Table 7, Column 3",949EZS93,7,twopass_llm,,,,,,,,,
Expenditure/Consumption,ln(per capita expenditures) - Grant,Page 1; Table 1; Average impacts of business grant and training; Row: grant; Column: (1) ln(per capita expenditures),grant | 0.0836*** (0.0208),"Table 1, Row 'grant', Column '(1) ln(per capita expenditures)'",9BUBMDBG,1,twopass_llm,,,,,,,,,
Expenditure/Consumption,ln(per capita expenditures) - Training,Page 1; Table 1; Average impacts of business grant and training; Row: training; Column: (1) ln(per capita expenditures),training | 0.0281 (0.0205),"Table 1, Row 'training', Column '(1) ln(per capita expenditures)'",9BUBMDBG,1,twopass_llm,,,,,,,,,
Work/Employment,Has non-agricultural self-employment - Grant,Page 1; Table 1; Average impacts of business grant and training; Row: grant; Column: (2) Has non-agricultural self-employment,grant | 0.123*** (0.0189),"Table 1, Row 'grant', Column '(2) Has non-agricultural self-employment'",9BUBMDBG,1,twopass_llm,,,,,,,,,
Work/Employment,Has non-agricultural self-employment - Training,Page 1; Table 1; Average impacts of business grant and training; Row: training; Column: (2) Has non-agricultural self-employment,training | 0.0376* (0.0195),"Table 1, Row 'training', Column '(2) Has non-agricultural self-employment'",9BUBMDBG,1,twopass_llm,,,,,,,,,
Work/Employment,Has non-agricultural wage job - Grant,Page 1; Table 1; Average impacts of business grant and training; Row: grant; Column: (3) Has non-agricultural wage job,grant | -0.0187 (0.0200),"Table 1, Row 'grant', Column '(3) Has non-agricultural wage job'",9BUBMDBG,1,twopass_llm,,,,,,,,,
Work/Employment,Has non-agricultural wage job - Training,Page 1; Table 1; Average impacts of business grant and training; Row: training; Column: (3) Has non-agricultural wage job,training | 0.0207 (0.0222),"Table 1, Row 'training', Column '(3) Has non-agricultural wage job'",9BUBMDBG,1,twopass_llm,,,,,,,,,
Income,Profits in non-agricultural self-employment - Grant,Page 1; Table 1; Average impacts of business grant and training; Row: grant; Column: (4) Profits in non-agricultural self-employment,grant | 600.1*** (144.7),"Table 1, Row 'grant', Column '(4) Profits in non-agricultural self-employment'",9BUBMDBG,1,twopass_llm,,,,,,,,,
Income,Profits in non-agricultural self-employment - Training,Page 1; Table 1; Average impacts of business grant and training; Row: training; Column: (4) Profits in non-agricultural self-employment,training | -299.2** (149.7),"Table 1, Row 'training', Column '(4) Profits in non-agricultural self-employment'",9BUBMDBG,1,twopass_llm,,,,,,,,,
Income,Brut income in non-agricultural self employment - Grant,Page 1; Table 1; Average impacts of business grant and training; Row: grant; Column: (5) Brut income in non-agricultural self employment,"grant | 1,187*** (241.4)","Table 1, Row 'grant', Column '(5) Brut income in non-agricultural self employment'",9BUBMDBG,1,twopass_llm,,,,,,,,,
Income,Brut income in non-agricultural self employment - Training,Page 1; Table 1; Average impacts of business grant and training; Row: training; Column: (5) Brut income in non-agricultural self employment,training | -68.80 (240.3),"Table 1, Row 'training', Column '(5) Brut income in non-agricultural self employment'",9BUBMDBG,1,twopass_llm,,,,,,,,,
Income,Total non-agricultural wage income - Grant,Page 1; Table 1; Average impacts of business grant and training; Row: grant; Column: (6) Total non-agricultural wage income,grant | -48.06 (547.0),"Table 1, Row 'grant', Column '(6) Total non-agricultural wage income'",9BUBMDBG,1,twopass_llm,,,,,,,,,
Income,Total non-agricultural wage income - Training,Page 1; Table 1; Average impacts of business grant and training; Row: training; Column: (6) Total non-agricultural wage income,training | 509.4 (527.8),"Table 1, Row 'training', Column '(6) Total non-agricultural wage income'",9BUBMDBG,1,twopass_llm,,,,,,,,,
Income,Non-agriculture wage income in private sector - Grant,Page 1; Table 1; Average impacts of business grant and training; Row: grant; Column: (7) Non-agriculture wage income in private sector,grant | -293.5 (428.5),"Table 1, Row 'grant', Column '(7) Non-agriculture wage income in private sector'",9BUBMDBG,1,twopass_llm,,,,,,,,,
Income,Non-agriculture wage income in private sector - Training,Page 1; Table 1; Average impacts of business grant and training; Row: training; Column: (7) Non-agriculture wage income in private sector,training | 924.3** (440.1),"Table 1, Row 'training', Column '(7) Non-agriculture wage income in private sector'",9BUBMDBG,1,twopass_llm,,,,,,,,,
Expenditure/Consumption,ln(per capita expenditures) - Grant × Non-agr. self employment,Table 4; Impacts of business grant and training by baseline activity; Row: Grant * Non-agr. self. employment; Column: (1),-0.0687 (0.0608),"Table 4, Row 'Grant * Non-agr. self. employment', Column (1)",9BUBMDBG,3,twopass_llm,,,,,,,,,
Work/Employment,Has non-agricultural self-employment - Grant × Non-agr. self employment,Table 4; Impacts of business grant and training by baseline activity; Row: Grant * Non-agr. self. employment; Column: (2),-0.0619 (0.0529),"Table 4, Row 'Grant * Non-agr. self. employment', Column (2)",9BUBMDBG,3,twopass_llm,,,,,,,,,
Work/Employment,Has non-agricultural wage job - Grant × Non-agr. self employment,Table 4; Impacts of business grant and training by baseline activity; Row: Grant * Non-agr. self. employment; Column: (3),539.7 (666.6),"Table 4, Row 'Grant * Non-agr. self. employment', Column (3)",9BUBMDBG,3,twopass_llm,,,,,,,,,
Income,Profits in non-agricultural self-employment - Grant × Non-agr. self employment,Table 4; Impacts of business grant and training by baseline activity; Row: Grant * Non-agr. self. employment; Column: (4),818.0 (839.1),"Table 4, Row 'Grant * Non-agr. self. employment', Column (4)",9BUBMDBG,3,twopass_llm,,,,,,,,,
Income,Brut income in non-agricultural self-employment - Grant × Non-agr. self employment,Table 4; Impacts of business grant and training by baseline activity; Row: Grant * Non-agr. self. employment; Column: (5),"932.7 (1,445)","Table 4, Row 'Grant * Non-agr. self. employment', Column (5)",9BUBMDBG,3,twopass_llm,,,,,,,,,
Income,Non-agricultural wage income - Grant × Non-agr. self employment,Table 4; Impacts of business grant and training by baseline activity; Row: Grant * Non-agr. self. employment; Column: (6),"-125.7 (1,002)","Table 4, Row 'Grant * Non-agr. self. employment', Column (7)",9BUBMDBG,3,twopass_llm,,,,,,,,,
Income,Non-agriculture wage income in private sector - Grant × Non-agr. self employment,Table 4; Impacts of business grant and training by baseline activity; Row: Grant * Non-agr. self. employment; Column: (7),"-125.7 (1,002)","Table 4, Row 'Grant * Non-agr. self. employment', Column (7)",9BUBMDBG,3,twopass_llm,,,,,,,,,
Expenditure/Consumption,ln(per capita expenditures) - Grant,Table 6; Impacts of business grant and training by poverty level; Row: Grant; Column: (1) ln(per capita expenditures),Grant | 0.0407 (0.0388),"Table 6, Row 'Grant', Column (1)",9BUBMDBG,4,twopass_llm,,,,,,,,,
Expenditure/Consumption,ln(per capita expenditures) - Training,Table 6; Impacts of business grant and training by poverty level; Row: Training; Column: (1) ln(per capita expenditures),Training | 0.00597 (0.0350),"Table 6, Row 'Training', Column (1)",9BUBMDBG,4,twopass_llm,,,,,,,,,
Work/Employment,Has non-agricultural self-employment - Grant,Table 6; Impacts of business grant and training by poverty level; Row: Grant; Column: (2) Has non-agricultural self-employment,Grant | 0.0285 (0.0312),"Table 6, Row 'Grant', Column (2)",9BUBMDBG,4,twopass_llm,,,,,,,,,
Work/Employment,Has non-agricultural self-employment - Training,Table 6; Impacts of business grant and training by poverty level; Row: Training; Column: (2) Has non-agricultural self-employment,Training | -0.0269 (0.0327),"Table 6, Row 'Training', Column (2)",9BUBMDBG,4,twopass_llm,,,,,,,,,
Work/Employment,Has non-agricultural wage job - Grant,Table 6; Impacts of business grant and training by poverty level; Row: Grant; Column: (3) Has non-agricultural wage job,Grant | 0.00464 (0.0310),"Table 6, Row 'Grant', Column (3)",9BUBMDBG,4,twopass_llm,,,,,,,,,
Work/Employment,Has non-agricultural wage job - Training,Table 6; Impacts of business grant and training by poverty level; Row: Training; Column: (3) Has non-agricultural wage job,Training | 0.0661 (0.0399),"Table 6, Row 'Training', Column (3)",9BUBMDBG,4,twopass_llm,,,,,,,,,
Income,Profits in non-agricultural self-employment - Grant,Table 6; Impacts of business grant and training by poverty level; Row: Grant; Column: (4) Profits in non-agricultural self-employment,Grant | 145.3 (317.5),"Table 6, Row 'Grant', Column (4)",9BUBMDBG,4,twopass_llm,,,,,,,,,
Income,Profits in non-agricultural self-employment - Training,Table 6; Impacts of business grant and training by poverty level; Row: Training; Column: (4) Profits in non-agricultural self-employment,"Training | -1,010*** (354.7)","Table 6, Row 'Training', Column (4)",9BUBMDBG,4,twopass_llm,,,,,,,,,
Income,Brut income in non-agricultural self-employment - Grant,Table 6; Impacts of business grant and training by poverty level; Row: Grant; Column: (5) Brut income in non-agricultural self-employment,Grant | 729.9 (444.6),"Table 6, Row 'Grant', Column (5)",9BUBMDBG,4,twopass_llm,,,,,,,,,
Income,Brut income in non-agricultural self-employment - Training,Table 6; Impacts of business grant and training by poverty level; Row: Training; Column: (5) Brut income in non-agricultural self-employment,Training | -551.0 (540.0),"Table 6, Row 'Training', Column (5)",9BUBMDBG,4,twopass_llm,,,,,,,,,
Income,Non-agricultural wage income - Grant,Table 6; Impacts of business grant and training by poverty level; Row: Grant; Column: (6) Non-agricultural wage income,"Grant | 908.4 (1,057)","Table 6, Row 'Grant', Column (6)",9BUBMDBG,4,twopass_llm,,,,,,,,,
Income,Non-agricultural wage income - Training,Table 6; Impacts of business grant and training by poverty level; Row: Training; Column: (6) Non-agricultural wage income,"Training | 2,294** (1,133)","Table 6, Row 'Training', Column (6)",9BUBMDBG,4,twopass_llm,,,,,,,,,
Income,Non-agriculture wage income in private sector - Grant,Table 6; Impacts of business grant and training by poverty level; Row: Grant; Column: (7) Non-agriculture wage income in private sector,Grant | 25.92 (827.8),"Table 6, Row 'Grant', Column (7)",9BUBMDBG,4,twopass_llm,,,,,,,,,
Income,Non-agriculture wage income in private sector - Training,Table 6; Impacts of business grant and training by poverty level; Row: Training; Column: (7) Non-agriculture wage income in private sector,"Training | 2,982*** (872.8)","Table 6, Row 'Training', Column (7)",9BUBMDBG,4,twopass_llm,,,,,,,,,
Expenditure/Consumption,ln(per capita expenditures) - Grant,Table 7; Impacts of business grant and training by poverty level; Row: Grant; Column: (1) ln(per capita expenditures),Grant | 0.0924* (0.0482),"Table 7, Row 'Grant', Column (1)",9BUBMDBG,5,twopass_llm,,,,,,,,,
Expenditure/Consumption,ln(per capita expenditures) - Training,Table 7; Impacts of business grant and training by poverty level; Row: Training; Column: (1) ln(per capita expenditures),Training | 0.0366 (0.0459),"Table 7, Row 'Training', Column (1)",9BUBMDBG,5,twopass_llm,,,,,,,,,
Work/Employment,Has non-agricultural self-employment - Grant,Table 7; Impacts of business grant and training by poverty level; Row: Grant; Column: (2) Has non-agricultural self-employment,Grant | 0.0923** (0.0358),"Table 7, Row 'Grant', Column (2)",9BUBMDBG,5,twopass_llm,,,,,,,,,
Work/Employment,Has non-agricultural self-employment - Training,Table 7; Impacts of business grant and training by poverty level; Row: Training; Column: (2) Has non-agricultural self-employment,Training | -0.0281 (0.0351),"Table 7, Row 'Training', Column (2)",9BUBMDBG,5,twopass_llm,,,,,,,,,
Work/Employment,Has non-agricultural wage job - Grant,Table 7; Impacts of business grant and training by poverty level; Row: Grant; Column: (3) Has non-agricultural wage job,Grant | 0.0148 (0.0360),"Table 7, Row 'Grant', Column (3)",9BUBMDBG,5,twopass_llm,,,,,,,,,
Work/Employment,Has non-agricultural wage job - Training,Table 7; Impacts of business grant and training by poverty level; Row: Training; Column: (3) Has non-agricultural wage job,Training | 0.0449 (0.0397),"Table 7, Row 'Training', Column (3)",9BUBMDBG,5,twopass_llm,,,,,,,,,
Income,Profits in non-agricultural self-employment - Grant,Table 7; Impacts of business grant and training by poverty level; Row: Grant; Column: (4) Profits in non-agricultural self-employment,Grant | 533.5 (414.2),"Table 7, Row 'Grant', Column (4)",9BUBMDBG,5,twopass_llm,,,,,,,,,
Income,Profits in non-agricultural self-employment - Training,Table 7; Impacts of business grant and training by poverty level; Row: Training; Column: (4) Profits in non-agricultural self-employment,Training | -730.7 (474.6),"Table 7, Row 'Training', Column (4)",9BUBMDBG,5,twopass_llm,,,,,,,,,
Income,Brut income in non-agricultural self-employment - Grant,Table 7; Impacts of business grant and training by poverty level; Row: Grant; Column: (5) Brut income in non-agricultural self-employment,Grant | 521.2 (736.9),"Table 7, Row 'Grant', Column (5)",9BUBMDBG,5,twopass_llm,,,,,,,,,
Income,Brut income in non-agricultural self-employment - Training,Table 7; Impacts of business grant and training by poverty level; Row: Training; Column: (5) Brut income in non-agricultural self-employment,"Training | -1,013 (766.0)","Table 7, Row 'Training', Column (5)",9BUBMDBG,5,twopass_llm,,,,,,,,,
Income,Non-agricultural wage income - Grant,Table 7; Impacts of business grant and training by poverty level; Row: Grant; Column: (6) Non-agricultural wage income,"Grant | 206.3 (1,162)","Table 7, Row 'Grant', Column (6)",9BUBMDBG,5,twopass_llm,,,,,,,,,
Income,Non-agricultural wage income - Training,Table 7; Impacts of business grant and training by poverty level; Row: Training; Column: (6) Non-agricultural wage income,"Training | 2,078 (1,356)","Table 7, Row 'Training', Column (6)",9BUBMDBG,5,twopass_llm,,,,,,,,,
Income,Non-agriculture wage income in private sector - Grant,Table 7; Impacts of business grant and training by poverty level; Row: Grant; Column: (7) Non-agriculture wage income in private sector,Grant | -269.6 (778.4),"Table 7, Row 'Grant', Column (7)",9BUBMDBG,5,twopass_llm,,,,,,,,,
Income,Non-agriculture wage income in private sector - Training,Table 7; Impacts of business grant and training by poverty level; Row: Training; Column: (7) Non-agriculture wage income in private sector,"Training | 2,851*** (911.2)","Table 7, Row 'Training', Column (7)",9BUBMDBG,5,twopass_llm,,,,,,,,,
Social Capital/Empowerment,Optimism - Grant,Table 6; Impact of business grant and training on positive attitudes; Row: grant; Column: (1) Optimism,grant | 0.163** (0.0621),"Table 6, Row 'grant', Column '(1) Optimism'",9BUBMDBG,6,twopass_llm,,,,,,,,,
Social Capital/Empowerment,Optimism - Training,Table 6; Impact of business grant and training on positive attitudes; Row: training; Column: (1) Optimism,training | 0.162*** (0.0550),"Table 6, Row 'training', Column '(1) Optimism'",9BUBMDBG,6,twopass_llm,,,,,,,,,
Social Capital/Empowerment,Satisfaction with life - Grant,Table 6; Impact of business grant and training on positive attitudes; Row: grant; Column: (2) Satisfaction with life,grant | 0.126** (0.0484),"Table 6, Row 'grant', Column '(2) Satisfaction with life'",9BUBMDBG,6,twopass_llm,,,,,,,,,
Social Capital/Empowerment,Satisfaction with life - Training,Table 6; Impact of business grant and training on positive attitudes; Row: training; Column: (2) Satisfaction with life,training | 0.0164 (0.0485),"Table 6, Row 'training', Column '(2) Satisfaction with life'",9BUBMDBG,6,twopass_llm,,,,,,,,,
Social Capital/Empowerment,Happiness - Grant,Table 6; Impact of business grant and training on positive attitudes; Row: grant; Column: (3) Happiness,grant | 0.0955** (0.0458),"Table 6, Row 'grant', Column '(3) Happiness'",9BUBMDBG,6,twopass_llm,,,,,,,,,
Social Capital/Empowerment,Happiness - Training,Table 6; Impact of business grant and training on positive attitudes; Row: training; Column: (3) Happiness,training | 0.0482 (0.0470),"Table 6, Row 'training', Column '(3) Happiness'",9BUBMDBG,6,twopass_llm,,,,,,,,,
Social Capital/Empowerment,Feeling moving forward in life - Grant,Table 6; Impact of business grant and training on positive attitudes; Row: grant; Column: (4) Feeling moving forward in life,grant | 0.486*** (0.0532),"Table 6, Row 'grant', Column '(4) Feeling moving forward in life'",9BUBMDBG,6,twopass_llm,,,,,,,,,
Social Capital/Empowerment,Feeling moving forward in life - Training,Table 6; Impact of business grant and training on positive attitudes; Row: training; Column: (4) Feeling moving forward in life,training | 0.292*** (0.0531),"Table 6, Row 'training', Column '(4) Feeling moving forward in life'",9BUBMDBG,6,twopass_llm,,,,,,,,,
Social Capital/Empowerment,Index positive attitudes - Grant,Table 6; Impact of business grant and training on positive attitudes; Row: grant; Column: (5) Index positive attitudes,grant | 0.216*** (0.0387),"Table 6, Row 'grant', Column '(5) Index positive attitudes'",9BUBMDBG,6,twopass_llm,,,,,,,,,
Social Capital/Empowerment,Index positive attitudes - Training,Table 6; Impact of business grant and training on positive attitudes; Row: training; Column: (5) Index positive attitudes,training | 0.131*** (0.0359),"Table 6, Row 'training', Column '(5) Index positive attitudes'",9BUBMDBG,6,twopass_llm,,,,,,,,,
Control vs Treated,Demographics,,"Controls: 24.85 [7.459], Treated: 24.32 [7.158], Difference: -0.526 [0.526]","Table 3, Row 'Average age of household members'",ABM3E3ZP,Table 3,pdf_vision,pdf_image,Average age of household members,-0.526,,,,,1005.0,14.0
IV,Poverty,,-0.09* (0.05),"Table 5, Row 'Poverty measured by the poverty line', Column 'IV Effect'",ABM3E3ZP,Table 5,pdf_vision,pdf_image,Poverty measured by the poverty line,-0.09,0.05,,,,1005.0,16.0
IV,Poverty,,0.09 (0.05),"Table 5, Row 'Extreme poverty measured by poverty line', Column 'IV Effect'",ABM3E3ZP,Table 5,pdf_vision,pdf_image,Extreme poverty measured by poverty line,0.09,0.05,,,,1005.0,16.0
IV,Poverty,,0.04 (0.03),"Table 5, Row 'Poverty by PPI', Column 'IV Effect'",ABM3E3ZP,Table 5,pdf_vision,pdf_image,Poverty by PPI,0.04,0.03,,,,1005.0,16.0
IV,Poverty,,0.04 (0.02),"Table 5, Row 'Extreme poverty by PPI', Column 'IV Effect'",ABM3E3ZP,Table 5,pdf_vision,pdf_image,Extreme poverty by PPI,0.04,0.02,,,,1005.0,16.0
IV,Poverty,,0.04 (0.03),"Table 5, Row 'Poverty measured by MPI', Column 'IV Effect'",ABM3E3ZP,Table 5,pdf_vision,pdf_image,Poverty measured by MPI,0.04,0.03,,,,1005.0,16.0
,Assets,,633.63* (342.10),"Table 6, Row 'Total value of households' assets', Column 'IV Effect'",ABM3E3ZP,Table 6,pdf_vision,pdf_image,Total value of households' assets,633.63,342.1,0.05,,,1005.0,18.0
,Assets,,412.63* (232.43),"Table 6, Row 'Total value of animals', Column 'IV Effect'",ABM3E3ZP,Table 6,pdf_vision,pdf_image,Total value of animals in households,412.63,232.43,0.05,,,1005.0,18.0
,Assets,,183.68*** (37.89),"Table 6, Row 'Total value of productive infrastructure', Column 'IV Effect'",ABM3E3ZP,Table 6,pdf_vision,pdf_image,Total value of productive infrastructure,183.68,37.89,0.01,,,1005.0,18.0
,Income,,4.89 (4.06),"Table 7, Row 'Households' per capita total monthly income', Column 'IV Effect'",ABM3E3ZP,Table 7,pdf_vision,pdf_image,Households' per capita total monthly income,4.89,4.06,,,,1005.0,21.0
,Income,,4.52* (2.52),"Table 7, Row 'Farming related per capita monthly income', Column 'IV Effect'",ABM3E3ZP,Table 7,pdf_vision,pdf_image,Farming related per capita monthly income,4.52,2.52,0.05,,,1005.0,21.0
,Income,,21.35* (0.52),"Table 7, Row 'Participants' total monthly labor income', Column 'IV Effect'",ABM3E3ZP,Table 7,pdf_vision,pdf_image,Participants' total monthly labor income,21.35,0.52,0.05,,,1005.0,21.0
,Financial Inclusion,,0.13*** (0.05),"Table 8, Row 'Probability of saving- informal', Column 'IV Effect'",ABM3E3ZP,Table 8,pdf_vision,pdf_image,Probability of saving - informal,0.13,0.05,0.01,,,1005.0,24.0
,Financial Inclusion,,7.08 (8.85),"Table 8, Row 'Value of informal savings', Column 'IV Effect'",ABM3E3ZP,Table 8,pdf_vision,pdf_image,Value of informal savings,7.08,8.85,,,,1005.0,24.0
,Expenditure/Consumption,,4.79 (6.03),"Table 9, Row 'Total household per capita expenditure', Column 'IV Effect'",ABM3E3ZP,Table 9,pdf_vision,pdf_image,Total household per capita expenditure,4.79,6.03,,,,1005.0,25.0
,Food Security,,2.16 (2.80),"Table 9, Row 'Total per capita expenditure on food', Column 'IV Effect'",ABM3E3ZP,Table 9,pdf_vision,pdf_image,Total per capita expenditure on food,2.16,2.8,,,,1005.0,25.0
Expenditure/Consumption,Monthly consumption per capita (pesos) - Group Livelihood vs Control,Table 10; Row: T1: Grp LH / Grp C; Column: (1) Monthly consumption per capita (pesos),311** (119) [0.01],"Table 10, Row 'T1: Grp LH / Grp C', Column '(1)'",CG73D75P,10,twopass_llm,,,,,,,,,
Expenditure/Consumption,Monthly consumption per capita (pesos) - Individual Livelihood vs Group Control,Table 10; Row: T2: Ind LH / Grp C; Column: (1) Monthly consumption per capita (pesos),342*** (96) [<0.01],"Table 10, Row 'T2: Ind LH / Grp C', Column '(1)'",CG73D75P,10,twopass_llm,,,,,,,,,
Expenditure/Consumption,Monthly consumption per capita (pesos) - Individual Livelihood vs Individual Control,Table 10; Row: T3: Ind LH / Ind C; Column: (1) Monthly consumption per capita (pesos),334*** (114) [0.01],"Table 10, Row 'T3: Ind LH / Ind C', Column '(1)'",CG73D75P,10,twopass_llm,,,,,,,,,
Food Security,Food security index - Group Livelihood vs Control,Table 10; Row: T1: Grp LH / Grp C; Column: (2) Food security index,0.20*** (0.05) [<0.01],"Table 10, Row 'T1: Grp LH / Grp C', Column '(2)'",CG73D75P,10,twopass_llm,,,,,,,,,
Food Security,Food security index - Individual Livelihood vs Group Control,Table 10; Row: T2: Ind LH / Grp C; Column: (2) Food security index,0.26*** (0.05) [<0.01],"Table 10, Row 'T2: Ind LH / Grp C', Column '(2)'",CG73D75P,10,twopass_llm,,,,,,,,,
Food Security,Food security index - Individual Livelihood vs Individual Control,Table 10; Row: T3: Ind LH / Ind C; Column: (2) Food security index,0.28*** (0.05) [<0.01],"Table 10, Row 'T3: Ind LH / Ind C', Column '(2)'",CG73D75P,10,twopass_llm,,,,,,,,,
Assets,Value of productive assets (pesos) - Group Livelihood vs Control,Table 10; Row: T1: Grp LH / Grp C; Column: (3) Value of productive assets (pesos),1954* (1054) [0.09],"Table 10, Row 'T1: Grp LH / Grp C', Column '(3)'",CG73D75P,10,twopass_llm,,,,,,,,,
Assets,Value of productive assets (pesos) - Individual Livelihood vs Group Control,Table 10; Row: T2: Ind LH / Grp C; Column: (3) Value of productive assets (pesos),4200*** (1296) [<0.01],"Table 10, Row 'T2: Ind LH / Grp C', Column '(3)'",CG73D75P,10,twopass_llm,,,,,,,,,
Assets,Value of productive assets (pesos) - Individual Livelihood vs Individual Control,Table 10; Row: T3: Ind LH / Ind C; Column: (3) Value of productive assets (pesos),4484*** (1044) [<0.01],"Table 10, Row 'T3: Ind LH / Ind C', Column '(3)'",CG73D75P,10,twopass_llm,,,,,,,,,
Income,Monthly income (pesos) - Group Livelihood vs Control,Table 10; Row: T1: Grp LH / Grp C; Column: (4) Monthly income (pesos),4 (2072) [0.67],"Table 10, Row 'T1: Grp LH / Grp C', Column '(4)'",CG73D75P,10,twopass_llm,,,,,,,,,
Income,Monthly income (pesos) - Individual Livelihood vs Group Control,Table 10; Row: T2: Ind LH / Grp C; Column: (4) Monthly income (pesos),1143 (2005) [0.45],"Table 10, Row 'T2: Ind LH / Grp C', Column '(4)'",CG73D75P,10,twopass_llm,,,,,,,,,
Income,Monthly income (pesos) - Individual Livelihood vs Individual Control,Table 10; Row: T3: Ind LH / Ind C; Column: (4) Monthly income (pesos),2893 (2785) [0.26],"Table 10, Row 'T3: Ind LH / Ind C', Column '(4)'",CG73D75P,10,twopass_llm,,,,,,,,,
Other,Subjective well-being index - Group Livelihood vs Control,Table 10; Row: T1: Grp LH / Grp C; Column: (5) Subjective well-being index,0.05 (0.05) [0.28],"Table 10, Row 'T1: Grp LH / Grp C', Column '(5)'",CG73D75P,10,twopass_llm,,,,,,,,,
Other,Subjective well-being index - Individual Livelihood vs Group Control,Table 10; Row: T2: Ind LH / Grp C; Column: (5) Subjective well-being index,0.13*** (0.04) [<0.01],"Table 10, Row 'T2: Ind LH / Grp C', Column '(5)'",CG73D75P,10,twopass_llm,,,,,,,,,
Other,Subjective well-being index - Individual Livelihood vs Individual Control,Table 10; Row: T3: Ind LH / Ind C; Column: (5) Subjective well-being index,0.08* (0.04) [0.09],"Table 10, Row 'T3: Ind LH / Ind C', Column '(5)'",CG73D75P,10,twopass_llm,,,,,,,,,
Expenditure/Consumption,Total consumption expenditure,Table 11; Row: Treatment; Column: (1) Total,Treatment effect estimate shown in column (1),"Table 11, Column (1)",CG73D75P,11,twopass_llm,,,,,,,,,
Food Security,Food consumption expenditure,Table 11; Row: Treatment; Column: (2) Food,Treatment effect estimate shown in column (2),"Table 11, Column (2)",CG73D75P,11,twopass_llm,,,,,,,,,
Expenditure/Consumption,Non-food consumables expenditure,Table 11; Row: Treatment; Column: (3) Non-food consumables,Treatment effect estimate shown in column (3),"Table 11, Column (3)",CG73D75P,11,twopass_llm,,,,,,,,,
Assets,Durables expenditure,Table 11; Row: Treatment; Column: (4) Durables,Treatment effect estimate shown in column (4),"Table 11, Column (4)",CG73D75P,11,twopass_llm,,,,,,,,,
Food Security,Food security index,Table 12; Row: T1: Grp LH / Grp C; Column: (1) Food security index,T1: Grp LH / Grp C | 0.20*** (0.05),"Table 12, Row 'T1: Grp LH / Grp C', Column '(1) Food security index'",CG73D75P,12,twopass_llm,,,,,,,,,
Food Security,Food security index,Table 12; Row: T2: Ind LH / Grp C; Column: (1) Food security index,T2: Ind LH / Grp C | 0.25*** (0.05),"Table 12, Row 'T2: Ind LH / Grp C', Column '(1) Food security index'",CG73D75P,12,twopass_llm,,,,,,,,,
Food Security,Food security index,Table 12; Row: T3: Ind LH / Ind C; Column: (1) Food security index,T3: Ind LH / Ind C | 0.28*** (0.05),"Table 12, Row 'T3: Ind LH / Ind C', Column '(1) Food security index'",CG73D75P,12,twopass_llm,,,,,,,,,
Expenditure/Consumption,Food Consumption Score,Table 12; Row: T1: Grp LH / Grp C; Column: (2) Food Consumption Score,T1: Grp LH / Grp C | 3.74*** (1.03),"Table 12, Row 'T1: Grp LH / Grp C', Column '(2) Food Consumption Score'",CG73D75P,12,twopass_llm,,,,,,,,,
Expenditure/Consumption,Food Consumption Score,Table 12; Row: T2: Ind LH / Grp C; Column: (2) Food Consumption Score,T2: Ind LH / Grp C | 5.13*** (1.04),"Table 12, Row 'T2: Ind LH / Grp C', Column '(2) Food Consumption Score'",CG73D75P,12,twopass_llm,,,,,,,,,
Expenditure/Consumption,Food Consumption Score,Table 12; Row: T3: Ind LH / Ind C; Column: (2) Food Consumption Score,T3: Ind LH / Ind C | 5.51*** (0.99),"Table 12, Row 'T3: Ind LH / Ind C', Column '(2) Food Consumption Score'",CG73D75P,12,twopass_llm,,,,,,,,,
Food Security,Reversed HFIAS Score,Table 12; Row: T1: Grp LH / Grp C; Column: (3) Reversed HFIAS Score,T1: Grp LH / Grp C | 0.85*** (0.29),"Table 12, Row 'T1: Grp LH / Grp C', Column '(3) Reversed HFIAS Score'",CG73D75P,12,twopass_llm,,,,,,,,,
Food Security,Reversed HFIAS Score,Table 12; Row: T2: Ind LH / Grp C; Column: (3) Reversed HFIAS Score,T2: Ind LH / Grp C | 1.05*** (0.25),"Table 12, Row 'T2: Ind LH / Grp C', Column '(3) Reversed HFIAS Score'",CG73D75P,12,twopass_llm,,,,,,,,,
Food Security,Reversed HFIAS Score,Table 12; Row: T3: Ind LH / Ind C; Column: (3) Reversed HFIAS Score,T3: Ind LH / Ind C | 0.83*** (0.26),"Table 12, Row 'T3: Ind LH / Ind C', Column '(3) Reversed HFIAS Score'",CG73D75P,12,twopass_llm,,,,,,,,,
Food Security,Rice and meat consumption index,Table 12; Row: T1: Grp LH / Grp C; Column: (4) Rice and meat consumption index,T1: Grp LH / Grp C | 0.03 (0.04),"Table 12, Row 'T1: Grp LH / Grp C', Column '(4) Rice and meat consumption index'",CG73D75P,12,twopass_llm,,,,,,,,,
Food Security,Rice and meat consumption index,Table 12; Row: T2: Ind LH / Grp C; Column: (4) Rice and meat consumption index,T2: Ind LH / Grp C | 0.02 (0.04),"Table 12, Row 'T2: Ind LH / Grp C', Column '(4) Rice and meat consumption index'",CG73D75P,12,twopass_llm,,,,,,,,,
Food Security,Rice and meat consumption index,Table 12; Row: T3: Ind LH / Ind C; Column: (4) Rice and meat consumption index,T3: Ind LH / Ind C | 0.08** (0.04),"Table 12, Row 'T3: Ind LH / Ind C', Column '(4) Rice and meat consumption index'",CG73D75P,12,twopass_llm,,,,,,,,,
Assets,Value of productive assets - Group Livelihood vs Control,Table 13; Row: T1: Grp LH / Grp C; Column: (1) Value of productive assets,1954* (1054),"Table 13, Row 'T1: Grp LH / Grp C', Column '(1)'",CG73D75P,13,twopass_llm,,,,,,,,,
Assets,Value of productive assets - Individual Livelihood vs Group Control,Table 13; Row: T2: Ind LH / Grp C; Column: (1) Value of productive assets,4200*** (1296),"Table 13, Row 'T2: Ind LH / Grp C', Column '(1)'",CG73D75P,13,twopass_llm,,,,,,,,,
Assets,Value of productive assets - Individual Livelihood vs Individual Control,Table 13; Row: T3: Ind LH / Ind C; Column: (1) Value of productive assets,4484*** (1044),"Table 13, Row 'T3: Ind LH / Ind C', Column '(1)'",CG73D75P,13,twopass_llm,,,,,,,,,
Assets,Livestock value - Group Livelihood vs Control,Table 13; Row: T1: Grp LH / Grp C; Column: (2) Livestock value,868 (946),"Table 13, Row 'T1: Grp LH / Grp C', Column '(2)'",CG73D75P,13,twopass_llm,,,,,,,,,
Assets,Livestock value - Individual Livelihood vs Group Control,Table 13; Row: T2: Ind LH / Grp C; Column: (2) Livestock value,3060** (1218),"Table 13, Row 'T2: Ind LH / Grp C', Column '(2)'",CG73D75P,13,twopass_llm,,,,,,,,,
Assets,Livestock value - Individual Livelihood vs Individual Control,Table 13; Row: T3: Ind LH / Ind C; Column: (2) Livestock value,2497** (993),"Table 13, Row 'T3: Ind LH / Ind C', Column '(2)'",CG73D75P,13,twopass_llm,,,,,,,,,
Assets,Livestock structure value - Group Livelihood vs Control,Table 13; Row: T1: Grp LH / Grp C; Column: (3) Livestock structure value,133 (117),"Table 13, Row 'T1: Grp LH / Grp C', Column '(3)'",CG73D75P,13,twopass_llm,,,,,,,,,
Assets,Livestock structure value - Individual Livelihood vs Group Control,Table 13; Row: T2: Ind LH / Grp C; Column: (3) Livestock structure value,289** (126),"Table 13, Row 'T2: Ind LH / Grp C', Column '(3)'",CG73D75P,13,twopass_llm,,,,,,,,,
Assets,Livestock structure value - Individual Livelihood vs Individual Control,Table 13; Row: T3: Ind LH / Ind C; Column: (3) Livestock structure value,402*** (131),"Table 13, Row 'T3: Ind LH / Ind C', Column '(3)'",CG73D75P,13,twopass_llm,,,,,,,,,
Assets,Business asset value - Group Livelihood vs Control,Table 13; Row: T1: Grp LH / Grp C; Column: (4) Business asset value,881*** (315),"Table 13, Row 'T1: Grp LH / Grp C', Column '(4)'",CG73D75P,13,twopass_llm,,,,,,,,,
Assets,Business asset value - Individual Livelihood vs Group Control,Table 13; Row: T2: Ind LH / Grp C; Column: (4) Business asset value,597* (327),"Table 13, Row 'T2: Ind LH / Grp C', Column '(4)'",CG73D75P,13,twopass_llm,,,,,,,,,
Assets,Business asset value - Individual Livelihood vs Individual Control,Table 13; Row: T3: Ind LH / Ind C; Column: (4) Business asset value,1258*** (334),"Table 13, Row 'T3: Ind LH / Ind C', Column '(4)'",CG73D75P,13,twopass_llm,,,,,,,,,
Assets,Business inventory value - Group Livelihood vs Control,Table 13; Row: T1: Grp LH / Grp C; Column: (5) Business inventory value,72 (84),"Table 13, Row 'T1: Grp LH / Grp C', Column '(5)'",CG73D75P,13,twopass_llm,,,,,,,,,
Assets,Business inventory value - Individual Livelihood vs Group Control,Table 13; Row: T2: Ind LH / Grp C; Column: (5) Business inventory value,254*** (94),"Table 13, Row 'T2: Ind LH / Grp C', Column '(5)'",CG73D75P,13,twopass_llm,,,,,,,,,
Assets,Business inventory value - Individual Livelihood vs Individual Control,Table 13; Row: T3: Ind LH / Ind C; Column: (5) Business inventory value,327*** (101),"Table 13, Row 'T3: Ind LH / Ind C', Column '(5)'",CG73D75P,13,twopass_llm,,,,,,,,,
Income,Total income (sum of all sources),"Table 14; Row: T1: Grp LH / Grp C, T2: Ind LH / Grp C, T3: Ind LH / Ind C; Column: (1) Total","T1: 4 (2072), T2: 1124 (2005), T3: 2893 (2785)","Table 14, Column (1)",CG73D75P,14,twopass_llm,,,,,,,,,
Work/Employment,Income from paid work,"Table 14; Row: T1: Grp LH / Grp C, T2: Ind LH / Grp C, T3: Ind LH / Ind C; Column: (2) Paid work","T1: 244 (293), T2: 396 (250), T3: 54 (242)","Table 14, Column (2)",CG73D75P,14,twopass_llm,,,,,,,,,
Income,Business profits,"Table 14; Row: T1: Grp LH / Grp C, T2: Ind LH / Grp C, T3: Ind LH / Ind C; Column: (3) Business profits","T1: 32 (168), T2: 131 (148), T3: 318* (169)","Table 14, Column (3)",CG73D75P,14,twopass_llm,,,,,,,,,
Income,Net revenue from agriculture,"Table 14; Row: T1: Grp LH / Grp C, T2: Ind LH / Grp C, T3: Ind LH / Ind C; Column: (4) Net revenue from agriculture","T1: -296 (1999), T2: -28 (1845), T3: 1751 (2600)","Table 14, Column (4)",CG73D75P,14,twopass_llm,,,,,,,,,
Income,Net revenue from livestock,"Table 14; Row: T1: Grp LH / Grp C, T2: Ind LH / Grp C, T3: Ind LH / Ind C; Column: (5) Net revenue from livestock","T1: 87 (128), T2: 25 (108), T3: 167 (114)","Table 14, Column (5)",CG73D75P,14,twopass_llm,,,,,,,,,
Income,Remittances,"Table 14; Row: T1: Grp LH / Grp C, T2: Ind LH / Grp C, T3: Ind LH / Ind C; Column: (6) Remittances","T1: -60 (418), T2: 633 (491), T3: 566 (473)","Table 14, Column (6)",CG73D75P,14,twopass_llm,,,,,,,,,
Income,Social assistance,"Table 14; Row: T1: Grp LH / Grp C, T2: Ind LH / Grp C, T3: Ind LH / Ind C; Column: (7) Social assistance","T1: 35 (122), T2: -14 (145), T3: 42 (161)","Table 14, Column (7)",CG73D75P,14,twopass_llm,,,,,,,,,
Income,Agriculture gross revenue,"Table 15; Row: T1: Grp LH / Grp C, T2: Ind LH / Grp C, T3: Ind LH / Ind C; Column: (1) Agriculture gross revenue","T1: -264 (2012), T2: 38 (1856), T3: 1713 (2608)","Table 15, Column (1)",CG73D75P,15,twopass_llm,,,,,,,,,
Expenditure/Consumption,Agriculture expenses,"Table 15; Row: T1: Grp LH / Grp C, T2: Ind LH / Grp C, T3: Ind LH / Ind C; Column: (2) Agriculture expenses","T1: 16 (23), T2: 45** (23), T3: 27 (21)","Table 15, Column (2)",CG73D75P,15,twopass_llm,,,,,,,,,
Income,Livestock gross revenue,"Table 15; Row: T1: Grp LH / Grp C, T2: Ind LH / Grp C, T3: Ind LH / Ind C; Column: (3) Livestock gross revenue","T1: 192 (130), T2: 259** (106), T3: 344*** (123)","Table 15, Column (3)",CG73D75P,15,twopass_llm,,,,,,,,,
Expenditure/Consumption,Livestock expenses and purchases,"Table 15; Row: T1: Grp LH / Grp C, T2: Ind LH / Grp C, T3: Ind LH / Ind C; Column: (4) Livestock expenses and purchases","T1: 105* (58), T2: 234*** (53), T3: 178*** (54)","Table 15, Column (4)",CG73D75P,15,twopass_llm,,,,,,,,,
Assets,Change in livestock value,"Table 15; Row: T1: Grp LH / Grp C, T2: Ind LH / Grp C, T3: Ind LH / Ind C; Column: (5) Change in livestock value","T1: -93 (67), T2: -193*** (58), T3: -159** (61)","Table 15, Column (5)",CG73D75P,15,twopass_llm,,,,,,,,,
Work/Employment,Farm work labor days,Page N/A; Table 7; Difference-in-Difference Regression on Child Labor Days; Row: Program; Column: Farm work,-6.193* (3.713),"Table 7, Row 'Program', Column 'Farm work'",DXHZBI2X,3,twopass_llm,,,,,,,,,
Work/Employment,Total labor days,Page N/A; Table 7; Difference-in-Difference Regression on Child Labor Days; Row: Program; Column: Total labor days,4.342** (2.054),"Table 7, Row 'Program', Column 'Total labor days'",DXHZBI2X,3,twopass_llm,,,,,,,,,
Work/Employment,Skilled labor days,Page N/A; Table 7; Difference-in-Difference Regression on Child Labor Days; Row: Program; Column: Skilled labor,-10.535*** (3.170),"Table 7, Row 'Program', Column 'Skilled labor'",DXHZBI2X,3,twopass_llm,,,,,,,,,
Work/Employment,Farm work child labor days - Basic/training intervention,Table 8; Difference-in-Difference Regression on Child Labor Days; Row: Basic/training intervention; Column: Farm work,-9.256** [3.941],"Table 8, Row 'Basic/training intervention (T1)', Column 'Farm work'",DXHZBI2X,4,twopass_llm,,,,,,,,,
Work/Employment,Farm work child labor days - Business grant intervention,Table 8; Difference-in-Difference Regression on Child Labor Days; Row: Business grant intervention; Column: Farm work,-10.632*** [3.341],"Table 8, Row 'Business grant intervention (T2)', Column 'Farm work'",DXHZBI2X,4,twopass_llm,,,,,,,,,
Work/Employment,Total labor days - Basic/training intervention,Table 8; Difference-in-Difference Regression on Child Labor Days; Row: Basic/training intervention; Column: Total labor days,-0.195 [4.757],"Table 8, Row 'Basic/training intervention (T1)', Column: 'Total labor days'",DXHZBI2X,4,twopass_llm,,,,,,,,,
Work/Employment,Total labor days - Business grant intervention,Table 8; Difference-in-Difference Regression on Child Labor Days; Row: Business grant intervention; Column: Total labor days,-10.345*** [3.932],"Table 8, Row 'Business grant intervention (T2)', Column: 'Total labor days'",DXHZBI2X,4,twopass_llm,,,,,,,,,
Work/Employment,Skilled labor - Basic/training intervention,Table 8; Difference-in-Difference Regression on Child Labor Days; Row: Basic/training intervention; Column: Skilled labor,1.376 [2.191],"Table 8, Row 'Basic/training intervention (T1)', Column: 'Skilled labor'",DXHZBI2X,4,twopass_llm,,,,,,,,,
Work/Employment,Skilled labor - Business grant intervention,Table 8; Difference-in-Difference Regression on Child Labor Days; Row: Business grant intervention; Column: Skilled labor,10.150*** [2.704],"Table 8, Row 'Business grant intervention (T2)', Column: 'Skilled labor'",DXHZBI2X,4,twopass_llm,,,,,,,,,
Work/Employment,Crop land area - Beneficiaries,Table 3; Agricultural performance; Row: Crop_land; Column: Beneficiaries,-0.434*** (0.026),"Table 3, Row 'Crop_land', Column 'Beneficiaries'",HUHR5QHM,3,twopass_llm,,,,,,,,,
Work/Employment,Crop land area - Non-beneficiaries,Table 3; Agricultural performance; Row: Crop_land; Column: Non-beneficiaries,-0.338*** (0.098),"Table 3, Row 'Crop_land', Column 'Non-beneficiaries'",HUHR5QHM,3,twopass_llm,,,,,,,,,
Expenditure/Consumption,Seed expenditure - Beneficiaries,Table 3; Agricultural performance; Row: Seedexp; Column: Beneficiaries,-0.002 (0.036),"Table 3, Row 'Seedexp', Column 'Beneficiaries'",HUHR5QHM,3,twopass_llm,,,,,,,,,
Expenditure/Consumption,Seed expenditure - Non-beneficiaries,Table 3; Agricultural performance; Row: Seedexp; Column: Non-beneficiaries,0.019** (0.008),"Table 3, Row 'Seedexp', Column 'Non-beneficiaries'",HUHR5QHM,3,twopass_llm,,,,,,,,,
Expenditure/Consumption,Chemical expenditure - Beneficiaries,Table 3; Agricultural performance; Row: Chemexp; Column: Beneficiaries,0.055*** (0.021),"Table 3, Row 'Chemexp', Column 'Beneficiaries'",HUHR5QHM,3,twopass_llm,,,,,,,,,
Expenditure/Consumption,Chemical expenditure - Non-beneficiaries,Table 3; Agricultural performance; Row: Chemexp; Column: Non-beneficiaries,0.048*** (0.005),"Table 3, Row 'Chemexp', Column 'Non-beneficiaries'",HUHR5QHM,3,twopass_llm,,,,,,,,,
Expenditure/Consumption,Labor expenditure - Beneficiaries,Table 3; Agricultural performance; Row: Laborexp; Column: Beneficiaries,0.011 (0.019),"Table 3, Row 'Laborexp', Column 'Beneficiaries'",HUHR5QHM,3,twopass_llm,,,,,,,,,
Expenditure/Consumption,Labor expenditure - Non-beneficiaries,Table 3; Agricultural performance; Row: Laborexp; Column: Non-beneficiaries,0.018*** (0.005),"Table 3, Row 'Laborexp', Column 'Non-beneficiaries'",HUHR5QHM,3,twopass_llm,,,,,,,,,
Work/Employment,Training/Extension for Crops - Beneficiaries,Table 3; Agricultural performance; Row: Dtrain_Ext_Crop; Column: Beneficiaries,0.429* (0.223),"Table 3, Row 'Dtrain_Ext_Crop', Column 'Beneficiaries'",HUHR5QHM,3,twopass_llm,,,,,,,,,
Work/Employment,Training/Extension for Crops - Non-beneficiaries,Table 3; Agricultural performance; Row: Dtrain_Ext_Crop; Column: Non-beneficiaries,0.118** (0.059),"Table 3, Row 'Dtrain_Ext_Crop', Column 'Non-beneficiaries'",HUHR5QHM,3,twopass_llm,,,,,,,,,
Income,Average Treatment Effect on Treated (ATT) - Beneficiaries,Table 4; Row: ATT (beneficiaries); Column: Coef,"ATT (beneficiaries) | 57,125*** (t=15.17)","Table 4, Row 'ATT (beneficiaries)', Column 'Coef'",HUHR5QHM,4,twopass_llm,,,,,,,,,
Income,Average Treatment Effect on Untreated (ATU) - Non-beneficiaries,Table 4; Row: ATU (non-beneficiaries); Column: Coef,"ATU (non-beneficiaries) | 34,136*** (t=89.59)","Table 4, Row 'ATU (non-beneficiaries)', Column 'Coef'",HUHR5QHM,4,twopass_llm,,,,,,,,,
,Income,,"11,593.5 (2013) vs 12,395.0 (2015), Diferencia: 801.5*","Table 4.1, Row 'Ingresos totales del hogar'",HWR58RZK,Table 4.1,pdf_vision,pdf_image,Total household income,801.5,,0.05,,,,72.0
,Income,,"6150.6 (2013) vs 6594.7 (2015), Diferencia: 444.1***","Table 4.1, Row '1.1. Ingresos agrícolas independientes'",HWR58RZK,Table 4.1,pdf_vision,pdf_image,Independent agricultural income,444.1,,0.01,,,,72.0
,Income,,ITT: 746.2**,"Table 4.2, Row '1. Ingresos independientes agropecuarios'",HWR58RZK,Table 4.2,pdf_vision,pdf_image,Independent agricultural income (ITT),746.2,,0.05,,,,75.0
,Income,,ATET: 864.0**,"Table 4.2, Row '1. Ingresos independientes agropecuarios'",HWR58RZK,Table 4.2,pdf_vision,pdf_image,Independent agricultural income (ATET),864.0,,0.05,,,,75.0
,Housing,,"69.7 (2013) vs 83.7 (2015), Diferencia: 14.0***","Table 4.5, Row 'Cuenta con cocina mejorada (def. 1)'",HWR58RZK,Table 4.5,pdf_vision,pdf_image,Has improved kitchen (def 1),14.0,,0.01,,,,83.0
,Housing,,Diferencia: -1.5***,"Table 4.5, Row 'Cantidad de leña utilizada mensualmente para cocinar (cargas)'",HWR58RZK,Table 4.5,pdf_vision,pdf_image,Monthly firewood use,-1.5,,0.01,,,,83.0
Assets,Households with irrigation area (%),,Hogares que cuentan con superficie en riego (%) | 11.2 -> 24.7 | 13.48 **,"Table 4.7, Row 1",HWR58RZK,Table 4.7,pdf_vision,pdf_image,,13.48,,0.01,,,,88.0
Agricultural Production,Value of agricultural production (at 2013 median prices),,Valor bruto de la producción agrícola (S/. a precios medianos del 2013) | 2797.8 -> 2825.2 | 27.4,"Table 4.7, Row 'Total (tubérculos, hortalizas, verduras y frutas)'",HWR58RZK,Table 4.7,pdf_vision,pdf_image,,27.4,,,,,,88.0
Agricultural Production,Households with irrigation area (%),,Hogares que cuentan con superficie en riego (%) | 8.0,"Table 4.8, Row 1",HWR58RZK,Table 4.8,pdf_vision,pdf_image,,8.0,,,,,,89.0
Agricultural Production,Value of agricultural production,,Valor bruto de la producción agrícola | 123.7,"Table 4.8, Row 'Valor bruto de la producción agrícola'",HWR58RZK,Table 4.8,pdf_vision,pdf_image,,123.7,,,,,,89.0
Food Security,Food consumption frequency (days per year),,Consumo de alimentos (número de veces al año) | 361.0 -> 359.4 | -1.6,"Table 4.13, Row 'Consumo de alimentos'",HWR58RZK,Table 4.13,pdf_vision,pdf_image,,-1.6,,,,,,95.0
Food Security,Herfindahl diet diversity index,,Índice de Herfindahl: diversidad de la dieta anual (9 rubros) | 0.9620 -> 0.9630 | -0.0001,"Table 4.13, Row 'Índice de Herfindahl'",HWR58RZK,Table 4.13,pdf_vision,pdf_image,,-0.0001,,,,,,95.0
Financial Inclusion,Trust in financial institutions (%),,Confía en las instituciones financieras (%) | 21.9 -> 32.6 | 10.7 **,"Table 4.15, Row 'Confía en las instituciones financieras'",HWR58RZK,Table 4.15,pdf_vision,pdf_image,,10.7,,0.01,,,,98.0
Financial Inclusion,Prefers to save money in financial institution (%),,Prefiere ahorrar su dinero en una entidad financiera (%) | 14.2 -> 33.0 | 18.8 ***,"Table 4.15, Row 'Prefiere ahorrar su dinero en una entidad financiera'",HWR58RZK,Table 4.15,pdf_vision,pdf_image,,18.8,,0.01,,,,98.0
,Income,,47.0 ***,"Table 4.20, Row 'Los ingresos del centro poblado han mejorado', Column 'tercio inferior'",HWR58RZK,Table 4.20,pdf_vision,pdf_image,Los ingresos del centro poblado han mejorado - tercio inferior,47.0,,0.01,,,,107.0
,Income,,52.1 ***,"Table 4.20, Row 'Los ingresos del centro poblado han mejorado', Column 'tercio superior'",HWR58RZK,Table 4.20,pdf_vision,pdf_image,Los ingresos del centro poblado han mejorado - tercio superior,52.1,,0.01,,,,107.0
,Income,,1999.8 **,"Table 4.21, Row 'Ingreso total del hogar', Column 'Intensidad del tratamiento'",HWR58RZK,Table 4.21,pdf_vision,pdf_image,Ingreso total del hogar,1999.8,,0.05,,,,109.0
,Financial Inclusion,,76.1 ***,"Table 4.24, Row 'Algún miembro del hogar realiza operaciones en institución financiera', Column 'Intensidad del tratamiento'",HWR58RZK,Table 4.24,pdf_vision,pdf_image,Algún miembro del hogar realiza operaciones en institución financiera,76.1,,0.01,,,,113.0
Assets,Asset value index - SOUP,Page 1; Table 1; Panel A; Row: SOUP; Column: (1) asset value index,0.112 (0.068) 0.097*,"Table 1, Panel A, Row 'SOUP', Column '(1) asset value index'",K2ZJ4QNZ,1,twopass_llm,,,,,,,,,
Assets,Asset value index - GUP no savings,Page 1; Table 1; Panel A; Row: GUP no sav.; Column: (1) asset value index,0.228 (0.072) 0.002***,"Table 1, Panel A, Row 'GUP no sav.', Column '(1) asset value index'",K2ZJ4QNZ,1,twopass_llm,,,,,,,,,
Assets,Asset value index - GUP savings,Page 1; Table 1; Panel A; Row: GUP sav.; Column: (1) asset value index,0.110 (0.066) 0.095*,"Table 1, Panel A, Row 'GUP sav.', Column '(1) asset value index'",K2ZJ4QNZ,1,twopass_llm,,,,,,,,,
Assets,Asset value index - Asset Only,Page 1; Table 1; Panel B; Row: asset; Column: (1) asset value index,-0.082 (0.115) 0.477,"Table 1, Panel B, Row 'asset', Column '(1) asset value index'",K2ZJ4QNZ,1,twopass_llm,,,,,,,,,
Expenditure/Consumption,Consumption index - SOUP,Page 1; Table 1; Panel A; Row: SOUP; Column: (2) consumption index,0.138 (0.043) 0.001***,"Table 1, Panel A, Row 'SOUP', Column '(2) consumption index'",K2ZJ4QNZ,1,twopass_llm,,,,,,,,,
Expenditure/Consumption,Consumption index - GUP no savings,Page 1; Table 1; Panel A; Row: GUP no sav.; Column: (2) consumption index,0.141 (0.051) 0.006***,"Table 1, Panel A, Row 'GUP no sav.', Column '(2) consumption index'",K2ZJ4QNZ,1,twopass_llm,,,,,,,,,
Expenditure/Consumption,Consumption index - GUP savings,Page 1; Table 1; Panel A; Row: GUP sav.; Column: (2) consumption index,0.084 (0.050) 0.091*,"Table 1, Panel A, Row 'GUP sav.', Column '(2) consumption index'",K2ZJ4QNZ,1,twopass_llm,,,,,,,,,
Expenditure/Consumption,Consumption index - Asset Only,Page 1; Table 1; Panel B; Row: asset; Column: (2) consumption index,-0.019 (0.074) 0.801,"Table 1, Panel B, Row 'asset', Column '(2) consumption index'",K2ZJ4QNZ,1,twopass_llm,,,,,,,,,
Financial Inclusion,Financial inclusion index - SOUP,Page 1; Table 1; Panel A; Row: SOUP; Column: (3) financial inclusion index,0.497 (0.093) 0.000***,"Table 1, Panel A, Row 'SOUP', Column '(3) financial inclusion index'",K2ZJ4QNZ,1,twopass_llm,,,,,,,,,
Financial Inclusion,Financial inclusion index - GUP no savings,Page 1; Table 1; Panel A; Row: GUP no sav.; Column: (3) financial inclusion index,0.172 (0.098) 0.080*,"Table 1, Panel A, Row 'GUP no sav.', Column '(3) financial inclusion index'",K2ZJ4QNZ,1,twopass_llm,,,,,,,,,
Financial Inclusion,Financial inclusion index - GUP savings,Page 1; Table 1; Panel A; Row: GUP sav.; Column: (3) financial inclusion index,1.247 (0.142) 0.000***,"Table 1, Panel A, Row 'GUP sav.', Column '(3) financial inclusion index'",K2ZJ4QNZ,1,twopass_llm,,,,,,,,,
Financial Inclusion,Financial inclusion index - Asset Only,Page 1; Table 1; Panel B; Row: asset; Column: (3) financial inclusion index,0.031 (0.095) 0.747,"Table 1, Panel B, Row 'asset', Column '(3) financial inclusion index'",K2ZJ4QNZ,1,twopass_llm,,,,,,,,,
Food Security,Food security index - SOUP,Page 1; Table 1; Panel A; Row: SOUP; Column: (4) food security index,0.056 (0.043) 0.185,"Table 1, Panel A, Row 'SOUP', Column '(4) food security index'",K2ZJ4QNZ,1,twopass_llm,,,,,,,,,
Food Security,Food security index - GUP no savings,Page 1; Table 1; Panel A; Row: GUP no sav.; Column: (4) food security index,0.104 (0.049) 0.035**,"Table 1, Panel A, Row 'GUP no sav.', Column '(4) food security index'",K2ZJ4QNZ,1,twopass_llm,,,,,,,,,
Food Security,Food security index - GUP savings,Page 1; Table 1; Panel A; Row: GUP sav.; Column: (4) food security index,-0.017 (0.047) 0.722,"Table 1, Panel A, Row 'GUP sav.', Column '(4) food security index'",K2ZJ4QNZ,1,twopass_llm,,,,,,,,,
Food Security,Food security index - Asset Only,Page 1; Table 1; Panel B; Row: asset; Column: (4) food security index,-0.015 (0.062) 0.812,"Table 1, Panel B, Row 'asset', Column '(4) food security index'",K2ZJ4QNZ,1,twopass_llm,,,,,,,,,
Income,Income index - SOUP,Page 1; Table 1; Panel A; Row: SOUP; Column: (5) income index,0.064 (0.050) 0.200,"Table 1, Panel A, Row 'SOUP', Column '(5) income index'",K2ZJ4QNZ,1,twopass_llm,,,,,,,,,
Income,Income index - GUP no savings,Page 1; Table 1; Panel A; Row: GUP no sav.; Column: (5) income index,0.138 (0.054) 0.011**,"Table 1, Panel A, Row 'GUP no sav.', Column '(5) income index'",K2ZJ4QNZ,1,twopass_llm,,,,,,,,,
Income,Income index - GUP savings,Page 1; Table 1; Panel A; Row: GUP sav.; Column: (5) income index,0.206 (0.056) 0.000***,"Table 1, Panel A, Row 'GUP sav.', Column '(5) income index'",K2ZJ4QNZ,1,twopass_llm,,,,,,,,,
Income,Income index - Asset Only,Page 1; Table 1; Panel B; Row: asset; Column: (5) income index,0.007 (0.060) 0.908,"Table 1, Panel B, Row 'asset', Column '(5) income index'",K2ZJ4QNZ,1,twopass_llm,,,,,,,,,
Assets,Asset value index - SOUP,Page N/A; Table 2; Panel A; Row: SOUP; Column: (1) asset value index,0.029 (0.076) 0.701 0.825,"Table 2, Panel A, Row 'SOUP', Column '(1) asset value index'",K2ZJ4QNZ,2,twopass_llm,,,,,,,,,
Assets,Asset value index - GUP no savings,Page N/A; Table 2; Panel A; Row: GUP no sav.; Column: (1) asset value index,0.280 (0.078) 0.000***,"Table 2, Panel A, Row 'GUP no sav.', Column '(1) asset value index'",K2ZJ4QNZ,2,twopass_llm,,,,,,,,,
Assets,Asset value index - GUP savings,Page N/A; Table 2; Panel A; Row: GUP sav.; Column: (1) asset value index,0.318 (0.082) 0.000***,"Table 2, Panel A, Row 'GUP sav.', Column '(1) asset value index'",K2ZJ4QNZ,2,twopass_llm,,,,,,,,,
Expenditure/Consumption,Consumption index - SOUP,Page N/A; Table 2; Panel A; Row: SOUP; Column: (2) consumption index,-0.013 (0.034) 0.700 0.825,"Table 2, Panel A, Row 'SOUP', Column '(2) consumption index'",K2ZJ4QNZ,2,twopass_llm,,,,,,,,,
Expenditure/Consumption,Consumption index - GUP no savings,Page N/A; Table 2; Panel A; Row: GUP no sav.; Column: (2) consumption index,0.124 (0.046) 0.007***,"Table 2, Panel A, Row 'GUP no sav.', Column '(2) consumption index'",K2ZJ4QNZ,2,twopass_llm,,,,,,,,,
Expenditure/Consumption,Consumption index - GUP savings,Page N/A; Table 2; Panel A; Row: GUP sav.; Column: (2) consumption index,0.050 (0.036) 0.169,"Table 2, Panel A, Row 'GUP sav.', Column '(2) consumption index'",K2ZJ4QNZ,2,twopass_llm,,,,,,,,,
Financial Inclusion,Financial inclusion index - SOUP,Page N/A; Table 2; Panel A; Row: SOUP; Column: (3) financial inclusion index,0.129 (0.073) 0.078*,"Table 2, Panel A, Row 'SOUP', Column '(3) financial inclusion index'",K2ZJ4QNZ,2,twopass_llm,,,,,,,,,
Financial Inclusion,Financial inclusion index - GUP no savings,Page N/A; Table 2; Panel A; Row: GUP no sav.; Column: (3) financial inclusion index,0.204 (0.086) 0.018**,"Table 2, Panel A, Row 'GUP no sav.', Column '(3) financial inclusion index'",K2ZJ4QNZ,2,twopass_llm,,,,,,,,,
Financial Inclusion,Financial inclusion index - GUP savings,Page N/A; Table 2; Panel A; Row: GUP sav.; Column: (3) financial inclusion index,0.532 (0.105) 0.000***,"Table 2, Panel A, Row 'GUP sav.', Column '(3) financial inclusion index'",K2ZJ4QNZ,2,twopass_llm,,,,,,,,,
Food Security,Food security index - SOUP,Page N/A; Table 2; Panel A; Row: SOUP; Column: (4) food security index,0.002 (0.044) 0.962 0.963,"Table 2, Panel A, Row 'SOUP', Column '(4) food security index'",K2ZJ4QNZ,2,twopass_llm,,,,,,,,,
Food Security,Food security index - GUP no savings,Page N/A; Table 2; Panel A; Row: GUP no sav.; Column: (4) food security index,0.114 (0.050) 0.024**,"Table 2, Panel A, Row 'GUP no sav.', Column '(4) food security index'",K2ZJ4QNZ,2,twopass_llm,,,,,,,,,
Food Security,Food security index - GUP savings,Page N/A; Table 2; Panel A; Row: GUP sav.; Column: (4) food security index,0.092 (0.050) 0.062*,"Table 2, Panel A, Row 'GUP sav.', Column '(4) food security index'",K2ZJ4QNZ,2,twopass_llm,,,,,,,,,
Income,Income index - SOUP,Page N/A; Table 2; Panel A; Row: SOUP; Column: (5) income index,-0.071 (0.062) 0.254 0.373,"Table 2, Panel A, Row 'SOUP', Column '(5) income index'",K2ZJ4QNZ,2,twopass_llm,,,,,,,,,
Income,Income index - GUP no savings,Page N/A; Table 2; Panel A; Row: GUP no sav.; Column: (5) income index,0.202 (0.073) 0.006***,"Table 2, Panel A, Row 'GUP no sav.', Column '(5) income index'",K2ZJ4QNZ,2,twopass_llm,,,,,,,,,
Income,Income index - GUP savings,Page N/A; Table 2; Panel A; Row: GUP sav.; Column: (5) income index,0.243 (0.076) 0.001***,"Table 2, Panel A, Row 'GUP sav.', Column '(5) income index'",K2ZJ4QNZ,2,twopass_llm,,,,,,,,,
Work/Employment,Household has business - GUP with savings vs SOUP,Table 3; Panel A: GUP vs. SOUP; Row: SOUP GUP sav.; Column: (1) household has business,"0.077 (0.034), p=0.026","Table 3, Panel A, Row 'SOUP GUP sav.', Column '(1) household has business'",K2ZJ4QNZ,3,twopass_llm,,,,,,,,,
Income,"Business income, monthly (USD) - GUP with savings vs SOUP","Table 3; Panel A: GUP vs. SOUP; Row: SOUP GUP sav.; Column: (2) business income, monthly (USD)","3.426 (1.789), p=0.056","Table 3, Panel A, Row 'SOUP GUP sav.', Column '(2) business income, monthly (USD)'",K2ZJ4QNZ,3,twopass_llm,,,,,,,,,
Income,"Crop income, monthly (USD) - GUP with savings vs SOUP","Table 3; Panel A: GUP vs. SOUP; Row: SOUP GUP sav.; Column: (3) crop income, monthly (USD)","6.182 (3.144), p=0.049","Table 3, Panel A, Row 'SOUP GUP sav.', Column '(3) crop income, monthly (USD)'",K2ZJ4QNZ,3,twopass_llm,,,,,,,,,
Income,"Animal revenue, monthly (USD) - GUP with savings vs SOUP","Table 3; Panel A: GUP vs. SOUP; Row: SOUP GUP sav.; Column: (4) animal revenue, monthly (USD)","3.734 (1.062), p=0.000","Table 3, Panel A, Row 'SOUP GUP sav.', Column '(4) animal revenue, monthly (USD)'",K2ZJ4QNZ,3,twopass_llm,,,,,,,,,
Income,"Wage income, monthly (USD) - GUP with savings vs SOUP","Table 3; Panel A: GUP vs. SOUP; Row: SOUP GUP sav.; Column: (5) wage income, monthly (USD)","0.227 (0.534), p=0.671","Table 3, Panel A, Row 'SOUP GUP sav.', Column '(5) wage income, monthly (USD)'",K2ZJ4QNZ,3,twopass_llm,,,,,,,,,
Work/Employment,Household has business - Asset Only vs GUP,Table 3; Panel B: GUP vs. Asset Only; Row: asset; Column: (1) household has business,"-0.091 (0.051), p=0.071","Table 3, Panel B, Row 'asset', Column '(1) household has business'",K2ZJ4QNZ,3,twopass_llm,,,,,,,,,
Income,"Business income, monthly (USD) - Asset Only vs GUP","Table 3; Panel B: GUP vs. Asset Only; Row: asset; Column: (2) business income, monthly (USD)","-1.978 (2.197), p=0.368","Table 3, Panel B, Row 'asset', Column '(2) business income, monthly (USD)'",K2ZJ4QNZ,3,twopass_llm,,,,,,,,,
Income,"Crop income, monthly (USD) - Asset Only vs GUP","Table 3; Panel B: GUP vs. Asset Only; Row: asset; Column: (3) crop income, monthly (USD)","-4.586 (3.331), p=0.169","Table 3, Panel B, Row 'asset', Column '(3) crop income, monthly (USD)'",K2ZJ4QNZ,3,twopass_llm,,,,,,,,,
Income,"Animal revenue, monthly (USD) - Asset Only vs GUP","Table 3; Panel B: GUP vs. Asset Only; Row: asset; Column: (4) animal revenue, monthly (USD)","-0.411 (1.414), p=0.772","Table 3, Panel B, Row 'asset', Column '(4) animal revenue, monthly (USD)'",K2ZJ4QNZ,3,twopass_llm,,,,,,,,,
Income,"Wage income, monthly (USD) - Asset Only vs GUP","Table 3; Panel B: GUP vs. Asset Only; Row: asset; Column: (5) wage income, monthly (USD)","-0.349 (0.906), p=0.701","Table 3, Panel B, Row 'asset', Column '(5) wage income, monthly (USD)'",K2ZJ4QNZ,3,twopass_llm,,,,,,,,,
Assets,Goat value (USD),Page N/A; Table 4; Row: GUP no sav. asset; Column: (1) goat value (USD),"71.511 (7.984), p=0.000","Table 4, Row 'GUP no sav. asset', Column '(1) goat value (USD)'",K2ZJ4QNZ,4,twopass_llm,,,,,,,,,
Assets,Fowl value (USD),Page N/A; Table 4; Row: GUP no sav. asset; Column: (2) fowl value (USD),"12.527 (3.722), p=0.001","Table 4, Row 'GUP no sav. asset', Column '(2) fowl value (USD)'",K2ZJ4QNZ,4,twopass_llm,,,,,,,,,
Assets,Pig value (USD),Page N/A; Table 4; Row: GUP no sav. asset; Column: (3) pig value (USD),"4.550 (2.002), p=0.023","Table 4, Row 'GUP no sav. asset', Column '(3) pig value (USD)'",K2ZJ4QNZ,4,twopass_llm,,,,,,,,,
Assets,Sheep value (USD),Page N/A; Table 4; Row: GUP no sav. asset; Column: (4) sheep value (USD),"1.377 (9.006), p=0.878","Table 4, Row 'GUP no sav. asset', Column '(4) sheep value (USD)'",K2ZJ4QNZ,4,twopass_llm,,,,,,,,,
Assets,Cow value (USD),Page N/A; Table 4; Row: GUP no sav. asset; Column: (5) cow value (USD),"12.975 (12.953), p=0.317","Table 4, Row 'GUP no sav. asset', Column '(5) cow value (USD)'",K2ZJ4QNZ,4,twopass_llm,,,,,,,,,
Assets,Total livestock value (USD),Page N/A; Table 4; Row: GUP no sav. asset; Column: (6) total livestock value (USD),"134.776 (27.636), p=0.000","Table 4, Row 'GUP no sav. asset', Column '(6) total livestock value (USD)'",K2ZJ4QNZ,4,twopass_llm,,,,,,,,,
Financial Inclusion,Amount savings (MWK) - Project,Page N/A; Table 21; Impacts of the project on combined outcomes of beneficiaries and proxies; Row: Project; Column: (1) Amount savings (MWK),"Project | 9,079*** (1,864)","Table 21, Row 'Project', Column '(1) Amount savings (MWK)'",PHRKN65M,5,twopass_llm,,,,,,,,,
Financial Inclusion,Amount savings (MWK) - Active proxy,Page N/A; Table 21; Impacts of the project on combined outcomes of beneficiaries and proxies; Row: Active proxy; Column: (2) Amount savings (MWK),"Active proxy | 10,445*** (1,939)","Table 21, Row 'Active proxy', Column '(2) Amount savings (MWK)'",PHRKN65M,5,twopass_llm,,,,,,,,,
Financial Inclusion,Amount savings (MWK) - Non-active/no proxy,Page N/A; Table 21; Impacts of the project on combined outcomes of beneficiaries and proxies; Row: Non-active/no proxy; Column: (2) Amount savings (MWK),"Non-active/no proxy | 5,378*** (1,930)","Table 21, Row 'Non-active/no proxy', Column '(2) Amount savings (MWK)'",PHRKN65M,5,twopass_llm,,,,,,,,,
Financial Inclusion,Amount loans (MWK) - Project,Page N/A; Table 21; Impacts of the project on combined outcomes of beneficiaries and proxies; Row: Project; Column: (3) Amount loans (MWK),"Project | 3,800*** (1,119)","Table 21, Row 'Project', Column '(3) Amount loans (MWK)'",PHRKN65M,5,twopass_llm,,,,,,,,,
Financial Inclusion,Amount loans (MWK) - Active proxy,Page N/A; Table 21; Impacts of the project on combined outcomes of beneficiaries and proxies; Row: Active proxy; Column: (4) Amount loans (MWK),"Active proxy | 4,270*** (1,249)","Table 21, Row 'Active proxy', Column '(4) Amount loans (MWK)'",PHRKN65M,5,twopass_llm,,,,,,,,,
Financial Inclusion,Amount loans (MWK) - Non-active/no proxy,Page N/A; Table 21; Impacts of the project on combined outcomes of beneficiaries and proxies; Row: Non-active/no proxy; Column: (4) Amount loans (MWK),"Non-active/no proxy | 2,523*** (1,101)","Table 21, Row 'Non-active/no proxy', Column '(4) Amount loans (MWK)'",PHRKN65M,5,twopass_llm,,,,,,,,,
Work/Employment,Start non-farm business (yes/no) - Project,Page N/A; Table 21; Impacts of the project on combined outcomes of beneficiaries and proxies; Row: Project; Column: (5) Start non-farm business (yes/no),Project | 0.162*** (0.049),"Table 21, Row 'Project', Column '(5) Start non-farm business (yes/no)'",PHRKN65M,5,twopass_llm,,,,,,,,,
Work/Employment,Start non-farm business (yes/no) - Active proxy,Page N/A; Table 21; Impacts of the project on combined outcomes of beneficiaries and proxies; Row: Active proxy; Column: (6) Start non-farm business (yes/no),Active proxy | 0.165*** (0.050),"Table 21, Row 'Active proxy', Column '(6) Start non-farm business (yes/no)'",PHRKN65M,5,twopass_llm,,,,,,,,,
Work/Employment,Start non-farm business (yes/no) - Non-active/no proxy,Page N/A; Table 21; Impacts of the project on combined outcomes of beneficiaries and proxies; Row: Non-active/no proxy; Column: (6) Start non-farm business (yes/no),Non-active/no proxy | 0.150*** (0.048),"Table 21, Row 'Non-active/no proxy', Column '(6) Start non-farm business (yes/no)'",PHRKN65M,5,twopass_llm,,,,,,,,,
Work/Employment,Paid work (yes/no) - Project,Page N/A; Table 21; Impacts of the project on combined outcomes of beneficiaries and proxies; Row: Project; Column: (7) Paid work (yes/no),Project | 0.080*** (0.026),"Table 21, Row 'Project', Column '(7) Paid work (yes/no)'",PHRKN65M,5,twopass_llm,,,,,,,,,
Work/Employment,Paid work (yes/no) - Active proxy,Page N/A; Table 21; Impacts of the project on combined outcomes of beneficiaries and proxies; Row: Active proxy; Column: (8) Paid work (yes/no),Active proxy | 0.086** (0.030),"Table 21, Row 'Active proxy', Column '(8) Paid work (yes/no)'",PHRKN65M,5,twopass_llm,,,,,,,,,
Work/Employment,Paid work (yes/no) - Non-active/no proxy,Page N/A; Table 21; Impacts of the project on combined outcomes of beneficiaries and proxies; Row: Non-active/no proxy; Column: (8) Paid work (yes/no),Non-active/no proxy | 0.054 (0.057),"Table 21, Row 'Non-active/no proxy', Column '(8) Paid work (yes/no)'",PHRKN65M,5,twopass_llm,,,,,,,,,
Financial Inclusion,Financial literacy index - Active proxy,Table 22; Impacts of the proxy on several outcomes; Row: Active proxy; Column: (1) Financial literacy index,Active proxy | 0.687*** (0.208),"Table 22, Row 'Active proxy', Column '(1) Financial literacy index'",PHRKN65M,1,twopass_llm,,,,,,,,,
Financial Inclusion,Financial literacy index - Non-active/no proxy,Table 22; Impacts of the proxy on several outcomes; Row: Non-active/no proxy; Column: (1) Financial literacy index,Non-active/no proxy | 0.442* (0.240),"Table 22, Row 'Non-active/no proxy', Column '(1) Financial literacy index'",PHRKN65M,1,twopass_llm,,,,,,,,,
Financial Inclusion,Saving uptake (yes/no) - Active proxy,Table 22; Impacts of the proxy on several outcomes; Row: Active proxy; Column: (2) Saving uptake (yes/no),Active proxy | 0.224*** (0.0746),"Table 22, Row 'Active proxy', Column '(2) Saving uptake (yes/no)'",PHRKN65M,1,twopass_llm,,,,,,,,,
Financial Inclusion,Saving uptake (yes/no) - Non-active/no proxy,Table 22; Impacts of the proxy on several outcomes; Row: Non-active/no proxy; Column: (2) Saving uptake (yes/no),Non-active/no proxy | 0.295* (0.152),"Table 22, Row 'Non-active/no proxy', Column '(2) Saving uptake (yes/no)'",PHRKN65M,1,twopass_llm,,,,,,,,,
Financial Inclusion,Amount savings (MWK) - Active proxy,Table 22; Impacts of the proxy on several outcomes; Row: Active proxy; Column: (3) Amount savings,"Active proxy | 4,257*** (1,377)","Table 22, Row 'Active proxy', Column '(3) Amount savings'",PHRKN65M,1,twopass_llm,,,,,,,,,
Financial Inclusion,Amount savings (MWK) - Non-active/no proxy,Table 22; Impacts of the proxy on several outcomes; Row: Non-active/no proxy; Column: (3) Amount savings,"Non-active/no proxy | 4,261** (2,005)","Table 22, Row 'Non-active/no proxy', Column '(3) Amount savings'",PHRKN65M,1,twopass_llm,,,,,,,,,
Financial Inclusion,Amount loans (MWK) - Active proxy,Table 22; Impacts of the proxy on several outcomes; Row: Active proxy; Column: (4) Amount loans,"Active proxy | 1,838* (1,064)","Table 22, Row 'Active proxy', Column '(4) Amount loans'",PHRKN65M,1,twopass_llm,,,,,,,,,
Financial Inclusion,Amount loans (MWK) - Non-active/no proxy,Table 22; Impacts of the proxy on several outcomes; Row: Non-active/no proxy; Column: (4) Amount loans,"Non-active/no proxy | 2,596* (1,415)","Table 22, Row 'Non-active/no proxy', Column '(4) Amount loans'",PHRKN65M,1,twopass_llm,,,,,,,,,
Work/Employment,Start non-farm business (yes/no) - Active proxy,Table 22; Impacts of the proxy on several outcomes; Row: Active proxy; Column: (5) Start non-farm business,Active proxy | 0.0141 (0.0173),"Table 22, Row 'Active proxy', Column '(5) Start non-farm business'",PHRKN65M,1,twopass_llm,,,,,,,,,
Work/Employment,Start non-farm business (yes/no) - Non-active/no proxy,Table 22; Impacts of the proxy on several outcomes; Row: Non-active/no proxy; Column: (5) Start non-farm business,Non-active/no proxy | 0.172*** (0.0579),"Table 22, Row 'Non-active/no proxy', Column '(5) Start non-farm business'",PHRKN65M,1,twopass_llm,,,,,,,,,
Work/Employment,Paid work (yes/no) - Active proxy,Table 22; Impacts of the proxy on several outcomes; Row: Active proxy; Column: (6) Paid work,Active proxy | -0.135** (0.0533),"Table 22, Row 'Active proxy', Column '(6) Paid work'",PHRKN65M,1,twopass_llm,,,,,,,,,
Work/Employment,Paid work (yes/no) - Non-active/no proxy,Table 22; Impacts of the proxy on several outcomes; Row: Non-active/no proxy; Column: (6) Paid work,Non-active/no proxy | 0.0353 (0.0649),"Table 22, Row 'Non-active/no proxy', Column '(6) Paid work'",PHRKN65M,1,twopass_llm,,,,,,,,,
Assets,Per capita wealth livestock (MWK) - Active proxy,Table 22; Impacts of the proxy on several outcomes; Row: Active proxy; Column: (7) P.c. wealth livestock,"Active proxy | 9,187** (3,337)","Table 22, Row 'Active proxy', Column '(7) P.c. wealth livestock'",PHRKN65M,1,twopass_llm,,,,,,,,,
Assets,Per capita wealth livestock (MWK) - Non-active/no proxy,Table 22; Impacts of the proxy on several outcomes; Row: Non-active/no proxy; Column: (7) P.c. wealth livestock,"Non-active/no proxy | 542.2 (1,325)","Table 22, Row 'Non-active/no proxy', Column '(7) P.c. wealth livestock'",PHRKN65M,1,twopass_llm,,,,,,,,,
Income,Total household income (USD),Page 1; Table 3; Row: Total household income; Column: Treatment effect,Treatment effect | 245.32** (112.45),"Table 3, Row 'Total household income', Column 'Treatment effect'",UBFBIAVN,2,twopass_llm,,,,,,,,,
Other,Household size,Table 2; Row: Household size; Column: Mean,Household size | 4.8,"Table 2, Row 'Household size', Column 'Mean'",V5P2S7S3,unknown,tei_fallback,tei_xml,,,,,,,,
Other,Number of children,Table 2; Row: Number of children; Column: Mean,Number of children | 2.7,"Table 2, Row 'Number of children', Column 'Mean'",V5P2S7S3,unknown,tei_fallback,tei_xml,,,,,,,,
Other,Age of household head,Table 2; Row: Age of household head; Column: Mean,Age of household head | 43.5,"Table 2, Row 'Age of household head', Column 'Mean'",V5P2S7S3,unknown,tei_fallback,tei_xml,,,,,,,,
Other,Female household head,Table 2; Row: Female household head; Column: Mean,Female household head | 0.25,"Table 2, Row 'Female household head', Column 'Mean'",V5P2S7S3,unknown,tei_fallback,tei_xml,,,,,,,,
Work/Employment,Employed,Table 2; Row: Employed; Column: (1),0.0001 (0.0001),"Table 2, Row 'Employed', Column (1)",V5P2S7S3,unknown,tei_fallback,tei_xml,,,,,,,,
Work/Employment,Self-employed,Table 2; Row: Self-employed; Column: (1),0.0001 (0.0001),"Table 2, Row 'Self-employed', Column (1)",V5P2S7S3,unknown,tei_fallback,tei_xml,,,,,,,,
Work/Employment,Unemployed,Table 2; Row: Unemployed; Column: (1),-0.0001 (0.0001),"Table 2, Row 'Unemployed', Column (1)",V5P2S7S3,unknown,tei_fallback,tei_xml,,,,,,,,
Work/Employment,Not in labor force,Table 2; Row: Not in labor force; Column: (1),-0.0001 (0.0001),"Table 2, Row 'Not in labor force', Column (1)",V5P2S7S3,unknown,tei_fallback,tei_xml,,,,,,,,
Work/Employment,Employed,Table 2; Row: Employed; Column: (1),0.0001 (0.0001),"Table 2, Row 'Employed', Column (1)",V5P2S7S3,unknown,tei_fallback,tei_xml,,,,,,,,
Work/Employment,Self-employed,Table 2; Row: Self-employed; Column: (1),0.0001 (0.0001),"Table 2, Row 'Self-employed', Column (1)",V5P2S7S3,unknown,tei_fallback,tei_xml,,,,,,,,
Work/Employment,Unemployed,Table 2; Row: Unemployed; Column: (1),-0.0001 (0.0001),"Table 2, Row 'Unemployed', Column (1)",V5P2S7S3,unknown,tei_fallback,tei_xml,,,,,,,,
Work/Employment,Not in labor force,Table 2; Row: Not in labor force; Column: (1),-0.0001 (0.0001),"Table 2, Row 'Not in labor force', Column (1)",V5P2S7S3,unknown,tei_fallback,tei_xml,,,,,,,,
Work/Employment,Employed,Table 4; Row: Employed; Column: Treatment Effect,0.0003 (0.0003),"Table 4, Row 'Employed', Column 'Treatment Effect'",V5P2S7S3,unknown,tei_fallback,tei_xml,,,,,,,,
Work/Employment,Self-employed,Table 4; Row: Self-employed; Column: Treatment Effect,0.0002 (0.0002),"Table 4, Row 'Self-employed', Column 'Treatment Effect'",V5P2S7S3,unknown,tei_fallback,tei_xml,,,,,,,,
Work/Employment,Wage-employed,Table 4; Row: Wage-employed; Column: Treatment Effect,0.0001 (0.0002),"Table 4, Row 'Wage-employed', Column 'Treatment Effect'",V5P2S7S3,unknown,tei_fallback,tei_xml,,,,,,,,
Income,Monthly income,Table 4; Row: Monthly income; Column: Treatment Effect,0.0000 (0.0000),"Table 4, Row 'Monthly income', Column 'Treatment Effect'",V5P2S7S3,unknown,tei_fallback,tei_xml,,,,,,,,
Income,Monthly income (self-employed),Table 4; Row: Monthly income (self-employed); Column: Treatment Effect,0.0000 (0.0000),"Table 4, Row 'Monthly income (self-employed)', Column 'Treatment Effect'",V5P2S7S3,unknown,tei_fallback,tei_xml,,,,,,,,
Income,Monthly income (wage-employed),Table 4; Row: Monthly income (wage-employed); Column: Treatment Effect,0.0000 (0.0000),"Table 4, Row 'Monthly income (wage-employed)', Column 'Treatment Effect'",V5P2S7S3,unknown,tei_fallback,tei_xml,,,,,,,,
Work/Employment,Employed,Table 4; Row: Employed; Column: (1),0.0001 (0.0001),"Table 4, Row 'Employed', Column (1)",V5P2S7S3,unknown,tei_fallback,tei_xml,,,,,,,,
Work/Employment,Self-employed,Table 4; Row: Self-employed; Column: (1),0.0001 (0.0001),"Table 4, Row 'Self-employed', Column (1)",V5P2S7S3,unknown,tei_fallback,tei_xml,,,,,,,,
Work/Employment,Unemployed,Table 4; Row: Unemployed; Column: (1),-0.0001 (0.0001),"Table 4, Row 'Unemployed', Column (1)",V5P2S7S3,unknown,tei_fallback,tei_xml,,,,,,,,
Work/Employment,Not in labor force,Table 4; Row: Not in labor force; Column: (1),-0.0001 (0.0001),"Table 4, Row 'Not in labor force', Column (1)",V5P2S7S3,unknown,tei_fallback,tei_xml,,,,,,,,
Work/Employment,Employed,Table 4; Row: Employed; Column: (1),0.0001 (0.0001),"Table 4, Row 'Employed', Column (1)",V5P2S7S3,unknown,tei_fallback,tei_xml,,,,,,,,
Work/Employment,Employed in agriculture,Table 4; Row: Employed in agriculture; Column: (1),0.0001 (0.0001),"Table 4, Row 'Employed in agriculture', Column (1)",V5P2S7S3,unknown,tei_fallback,tei_xml,,,,,,,,
Work/Employment,Employed in non-agriculture,Table 4; Row: Employed in non-agriculture; Column: (1),0.0000 (0.0001),"Table 4, Row 'Employed in non-agriculture', Column (1)",V5P2S7S3,unknown,tei_fallback,tei_xml,,,,,,,,
Work/Employment,Self-employed,Table 4; Row: Self-employed; Column: (1),0.0001 (0.0001),"Table 4, Row 'Self-employed', Column (1)",V5P2S7S3,unknown,tei_fallback,tei_xml,,,,,,,,
Work/Employment,Wage-employed,Table 4; Row: Wage-employed; Column: (1),0.0000 (0.0001),"Table 4, Row 'Wage-employed', Column (1)",V5P2S7S3,unknown,tei_fallback,tei_xml,,,,,,,,
Work/Employment,Employed,Table 4; Row: Employed; Column: (1),0.0001 (0.0001),"Table 4, Row 'Employed', Column (1)",V5P2S7S3,unknown,tei_fallback,tei_xml,,,,,,,,
Work/Employment,Self-employed,Table 4; Row: Self-employed; Column: (1),0.0001 (0.0001),"Table 4, Row 'Self-employed', Column (1)",V5P2S7S3,unknown,tei_fallback,tei_xml,,,,,,,,
Work/Employment,Unemployed,Table 4; Row: Unemployed; Column: (1),-0.0001 (0.0001),"Table 4, Row 'Unemployed', Column (1)",V5P2S7S3,unknown,tei_fallback,tei_xml,,,,,,,,
Work/Employment,Not in labor force,Table 4; Row: Not in labor force; Column: (1),-0.0001 (0.0001),"Table 4, Row 'Not in labor force', Column (1)",V5P2S7S3,unknown,tei_fallback,tei_xml,,,,,,,,
EI1,Work/Employment,,0.84** (0.43),"Cuadro 11, Row 'Horas de trabajo diarias promedio del participante', Column 'EI1 Efecto'",XWDVG8KS,Cuadro 11,pdf_vision,pdf_image,Horas de trabajo diarias promedio del participante,0.84,0.43,0.05,,,1005.0,30.0
EI1,Work/Employment,,0.54 (0.43),"Cuadro 11, Row 'Horas de trabajo diarias promedio del JH', Column 'EI1 Efecto'",XWDVG8KS,Cuadro 11,pdf_vision,pdf_image,Horas de trabajo diarias promedio del jefe de hogar,0.54,0.43,,,,1005.0,30.0
EI1,Assets,,633.63* (342.10),"Cuadro 12, Row 'Valor total de los activos del hogar', Column 'EI1 Efecto'",XWDVG8KS,Cuadro 12,pdf_vision,pdf_image,Valor total de los activos del hogar (USD ppa),633.63,342.1,0.1,,,1005.0,32.0
EI1,Assets,,412.63* (232.43),"Cuadro 12, Row 'Valor total de los semovientes del hogar', Column 'EI1 Efecto'",XWDVG8KS,Cuadro 12,pdf_vision,pdf_image,Valor total de los semovientes del hogar (USD ppa),412.63,232.43,0.1,,,1005.0,32.0
EI1,Income,,-4.89 (4.90),"Cuadro 13, Row 1, Column 'EI1 Efecto'",XWDVG8KS,Cuadro 13,pdf_vision,pdf_image,Ingreso per cápita total mensual del hogar (USD ppa),-4.89,4.9,,,,,35.0
EI1,Income,,-10.65** (6.25),"Cuadro 13, Row 2, Column 'EI1 Efecto'",XWDVG8KS,Cuadro 13,pdf_vision,pdf_image,Ingreso mensual per cápita por actividades no agropecuarias (USD ppa),-10.65,6.25,0.01,,,,35.0
EI1,Savings,,-1.28 (0.02),"Cuadro 14, Row 1, Column 'EI1 Efecto'",XWDVG8KS,Cuadro 14,pdf_vision,pdf_image,Ahorros formales (%),-1.28,0.02,,,,,38.0
EI1,Savings,,13.93*** (--),"Cuadro 14, Row 2, Column 'EI1 Efecto'",XWDVG8KS,Cuadro 14,pdf_vision,pdf_image,Ahorros informales (%),13.93,,0.01,,,,38.0
,Social Capital/Empowerment,,Escala roles de género dentro del hogar | 3.46* vs 4.82*,"Figure 32, Row 'Escala roles de género dentro del hogar'",XWDVG8KS,Figure 32,pdf_vision,pdf_image,Escala roles de género dentro del hogar,3.46,,0.05,,,,55.0
,Social Capital/Empowerment,,Índice de poder e independencia en la toma de decisiones | 4.31 vs 5.80,"Figure 32, Row 'Índice de poder e independencia en la toma de decisiones'",XWDVG8KS,Figure 32,pdf_vision,pdf_image,Índice de poder e independencia en la toma de decisiones,4.31,,0.01,,,,55.0
,Social Capital/Empowerment,,Escala de empoderamiento | 4.31 vs 4.32,"Figure 32, Row 'Escala de empoderamiento'",XWDVG8KS,Figure 32,pdf_vision,pdf_image,Escala de empoderamiento,4.31,,0.01,,,,55.0
,Work/Employment,,Horas de trabajo diarias promedio del Participante | 0.54*** vs 0.28**,"Figure 33, Row 'Horas de trabajo diarias promedio del Participante'",XWDVG8KS,Figure 33,pdf_vision,pdf_image,Horas de trabajo diarias promedio del Participante,0.54,,0.01,,,,57.0
,Income,,Ing mensual del part de la actividad laboral (USD ppp) | 0.27*** vs 0.23**,"Figure 33, Row 'Ing mensual del part de la actividad laboral (USD ppp)'",XWDVG8KS,Figure 33,pdf_vision,pdf_image,Ing mensual del part de la actividad laboral (USD ppp),0.27,,0.01,,,,57.0
