EPPI ID,Author (year),Program name,Country,Study title,"Outcome group 
(as described in protocol)","Outcome category 
(as described in study)","Location of data to be extracted 
(page #; table #; table label; row label; column label)",Table type,"Is the coef mentioned in the text? If yes, add start/whole sentence and page #. ",Notes,Reports on any tertiary outcomes? (Yes/No),Reports spillover analyses? (Yes/No),Reports subgroup analyses (yes/no),"If yes, for which subgroups are results reported?",Does IE analyse qualitative evidence? [yes / no],Does IE mention program cost data (cost (actuals) or cost analyses; not budget)? [yes / no],Coder
121294984_1,Burchi (2018),Tingathe Economic Empowerment Programme (TEEP),Malawi,Unbundling the impacts of economic empowerment programmes: evidence from Malawi,Savings,Amount savings (MWK),page: 25; table: 6; table label: Table 6: Project impact on saving and loans; row label: Project; column label: (3) Amount savings (MWK),"coef, p asterisks, std error in same col",No,Full project,Yes,No,No,NA,Yes,Yes,PM
121294984_2,Burchi (2018),Tingathe Economic Empowerment Programme (TEEP),Malawi,Unbundling the impacts of economic empowerment programmes: evidence from Malawi,Work or employment,Number of working hours,page: 27; table: 8; table label: Table 8: Project impact on external labour supply; row label: Project; column label: (3) Number of working hours,"coef, p asterisks, std error in same col",No,Full project,,,No,NA,Yes,Yes,PM
121294984_3,Burchi (2018),Tingathe Economic Empowerment Programme (TEEP),Malawi,Unbundling the impacts of economic empowerment programmes: evidence from Malawi,Assets,Asset wealth index,page: 30; table: 11; table label: Table 11: Project impact on household asset wealth index and expenditures; row label: Project; column label: (1) Asset wealth index,"coef, p asterisks, std error in same col",No,Full project,,,No,NA,Yes,Yes,PM
121294984_4,Burchi (2018),Tingathe Economic Empowerment Programme (TEEP),Malawi,Unbundling the impacts of economic empowerment programmes: evidence from Malawi,Income,Per capita value of harvest (MWK),"page: 32; table: 13; table label: Table 13: Project impact on value of agricultural production, consumption and sales; row label: Project; column label: (1) Per capita value of harvest (MWK)","coef, p asterisks, std error in same col",No,Full project,,,No,NA,Yes,Yes,PM
121294984_5,Burchi (2018),Tingathe Economic Empowerment Programme (TEEP),Malawi,Unbundling the impacts of economic empowerment programmes: evidence from Malawi,Expenditure,Per capita food consumption (MWK),page: 34; table: 15; table label: Table 15: Project impact on food consumption and food security; row label: Project; column label: (1) Per capita food consumption (MWK),"coef, p asterisks, std error in same col",No,Full project,,,No,NA,Yes,Yes,PM
121294984_6,Burchi (2018),Tingathe Economic Empowerment Programme (TEEP),Malawi,Unbundling the impacts of economic empowerment programmes: evidence from Malawi,Health,Diet diversity score,page: 34; table: 15; table label: Table 15: Project impact on food consumption and food security; row label: Project; column label: (3) Diet diversity score,"coef, p asterisks, std error in same col",No,Full project,,,No,NA,Yes,Yes,PM
121294984_7,Burchi (2018),Tingathe Economic Empowerment Programme (TEEP),Malawi,Unbundling the impacts of economic empowerment programmes: evidence from Malawi,Expenditure,Per capita non-food expenditure (MWK),page: 36; table: 16; table label: Table 16: Project impact on non-food expenditures; row label: Project; column label: (1) Per capita non-food expenditure (MWK),"coef, p asterisks, std error in same col",No,Full project,,,No,NA,Yes,Yes,PM
121294984_8,Burchi (2018),Tingathe Economic Empowerment Programme (TEEP),Malawi,Unbundling the impacts of economic empowerment programmes: evidence from Malawi,Expenditure,Per capita total consumption (MWK),page: 38; table: 17; table label: Table 17: Project impact on total consumption and poverty; row label: Project; column label: (1) Per capita total consumption (MWK),"coef, p asterisks, std error in same col",No,Full project,,,No,NA,Yes,Yes,PM
121294984_9,Burchi (2018),Tingathe Economic Empowerment Programme (TEEP),Malawi,Unbundling the impacts of economic empowerment programmes: evidence from Malawi,Poverty,Poverty (yes/no),page: 38; table: 17; table label: Table 17: Project impact on total consumption and poverty; row label: Project; column label: (3) Poverty (yes/no),"coef, p asterisks, std error in same col",No,Full project,,,No,NA,Yes,Yes,PM
121058363_1,Burchi (2022),Tingathe Economic Empowerment Programme (TEEP),Malawi,Can integrated social protection programmes affect social cohesion? Mixed-methods evidence from Malawi,Other,Most village members can be trusted,mapped only,"coef, exact pvalue, p asterisks in same col",No,NA,Yes,No,No,NA,Yes,No,PM
121498800_1,Burchi (2018),Tingathe Economic Empowerment Programme (TEEP),Malawi,Unbundling the impacts of economic empowerment programmes: evidence from Malawi,Duplicate of 121294984,NA,NA,NA,NA,NA,NA,NA,NA,NA,NA,NA,PM
121498801_1,Burchi (2022),Tingathe Economic Empowerment Programme (TEEP),Malawi,Can integrated social protection programmes affect social cohesion? Mixed-methods evidence from Malawi,Duplicate of 121058363,NA,NA,NA,NA,NA,NA,NA,NA,NA,NA,NA,PM
121498803_1,Beierl (2017),Tingathe Economic Empowerment Programme (TEEP),Malawi,Economic Empowerment Pilot Project in Malawi. Qualitative survey report,"Discussion paper
T&A: Include
FT: Exclude on evidence
Only qual study: ""For this report, we conducted three rounds of qualitative interviews, guided by a semistructured household questionnaire. Given the limited time and resources, as well as the intention to conduct several rounds of interviews, the initial sample consisted of 30 households who participated in the Economic Empowerment Pilot Project. "" p16 ... ""No interviews were conducted in the control clusters."" p17",NA,NA,NA,NA,NA,NA,NA,NA,NA,NA,NA,PM
121058364_1,Maldonado (2019),Sembrando Oportunidades Familia por Familia in Paraguay,Paraguay,The Graduation approach for the reduction of extreme poverty: impact evaluation of Sembrando Oportunidades Familia por Familia in Paraguay,Poverty,"Poverty measured by the
poverty line","Page 16; table 5; Table 5: Effects of SOF on poverty, according to IV and RE; Row: Poverty measured by the poverty line; Column: IV effect","coefficient with asterisk, std erorr in same col",No,None,Yes,No,No,NA,No,No,AF
121058364_2,Maldonado (2019),Sembrando Oportunidades Familia por Familia in Paraguay,Paraguay,The Graduation approach for the reduction of extreme poverty: impact evaluation of Sembrando Oportunidades Familia por Familia in Paraguay,Poverty,Poverty by MPI (multidimensional poverty index),"Page 16; table 5; Table 5: Effects of SOF on poverty, according to IV and RE; Row: Poverty by MPI (multidimensional poverty index);  Column: IV effect","coefficient with asterisk, std erorr in same col",No,None,,,No,NA,No,No,AF
121498842_1,Mahecha (2018),Sembrando Oportunidades Familia por Familia in Paraguay,Paraguay,"EVALUACIÓN DE EFECTOS DEL
PROGRAMA SEMBRANDO
OPORTUNIDADES FAMILIA POR
FAMILIA
Resultados",Work/employment,Total daily hours of work (Horas de trabajo diarias del),Page 30; Table 11; Cuadro 11. Efectos en las horas de trabajo diarias de los participantes SOF; Row: Horas de trabajo diarias del; Column EI1 Efecto,"coefficient with asterisk, std erorr in same col",No,None,Yes,No,Yes,work by type of activity,No,No,AF
121498842_2,Mahecha (2018),Sembrando Oportunidades Familia por Familia in Paraguay,Paraguay,"EVALUACIÓN DE EFECTOS DEL
PROGRAMA SEMBRANDO
OPORTUNIDADES FAMILIA POR
FAMILIA
Resultados",Assets,"Total value of the households’ assets (USD
ppp) - Valor total de los activos del hogar (USD ppa)",Page 32; Table 12; Cuadro 12. Efecto sobre los activos de los hogares participantes SOF; Row: Valor total de los activos del hogar (USD ppa); Column: EI1 Efecto,"coefficient with asterisk, std erorr in same col",No,None,,,Yes,Asset by type (household's non-perishable asset; productive asset; livestock; ,No,No,AF
121498842_3,Mahecha (2018),Sembrando Oportunidades Familia por Familia in Paraguay,Paraguay,"EVALUACIÓN DE EFECTOS DEL
PROGRAMA SEMBRANDO
OPORTUNIDADES FAMILIA POR
FAMILIA
Resultados",Income,Households’ per capita total monthly income (USD ppa)- Ingreso per cápita total mensual del Hogar (USD ppa),Page 35; Table 13; Cuadro 13. Efectos en SD en los ingresos de los hogares participantes en SOF; Row: Ingreso per cápita total mensual del Hogar (USD ppa); Column: EI1 Efecto,"coefficient with asterisk, std erorr in same col",No,None,,,Yes,farming income; non-farming income,No,No,AF
121498842_4,Mahecha (2018),Sembrando Oportunidades Familia por Familia in Paraguay,Paraguay,"EVALUACIÓN DE EFECTOS DEL
PROGRAMA SEMBRANDO
OPORTUNIDADES FAMILIA POR
FAMILIA
Resultados",Other -savings,Value of formal savings (USD ppa) - Valor del ahorros formales (USD ppa),Page 38; Table 14; Cuadro 14. Efecto en SD en el ahorro de los hogares participantes en SOF; Row: valor del ahorros formales (USD ppa); Column: EI1 Efecto,"coefficient with asterisk, std erorr in same col",No,None,,,No,NA,No,No,AF
121498842_5,Mahecha (2018),Sembrando Oportunidades Familia por Familia in Paraguay,Paraguay,"EVALUACIÓN DE EFECTOS DEL
PROGRAMA SEMBRANDO
OPORTUNIDADES FAMILIA POR
FAMILIA
Resultados",Other -savings,Value of informal savings (USD ppa) - Valor del ahorros informales (USD ppa),Page 38; Table 14; Cuadro 14. Efecto en SD en el ahorro de los hogares participantes en SOF; Row: valor del ahorros informales (USD ppa); Column: EI1 Efecto,"coefficient with asterisk, std erorr in same col",No,None,,,No,NA,No,No,AF
121498842_6,Mahecha (2018),Sembrando Oportunidades Familia por Familia in Paraguay,Paraguay,"EVALUACIÓN DE EFECTOS DEL
PROGRAMA SEMBRANDO
OPORTUNIDADES FAMILIA POR
FAMILIA
Resultados",Other -savings,Value of in-kind savings (USD ppa) - Valor del ahorros en especie (USD ppa),Page 38; Table 14; Cuadro 14. Efecto en SD en el ahorro de los hogares participantes en SOF; Row: valor del ahorros en especie (USD ppa); Column: EI1 Efecto,"coefficient with asterisk, std erorr in same col",No,None,,,No,NA,No,No,AF
121498842_7,Mahecha (2018),Sembrando Oportunidades Familia por Familia in Paraguay,Paraguay,"EVALUACIÓN DE EFECTOS DEL
PROGRAMA SEMBRANDO
OPORTUNIDADES FAMILIA POR
FAMILIA
Resultados",Expenditure,Total household per capita expenditure (USD ppa) - Valor total del gasto pc en el hogar (USD ppa),Page 40; Table 15; Cuadro 15. Efecto en SD en el consumo mensual de los hogares participantes en SOF; Row: Valor total del gasto pc en el hogar (USD ppa); Column: EI1 Efecto,"coefficient with asterisk, std erorr in same col",No,None,,,Yes,Expenditure by type: food; financial services; clothing; housing; transportation; health; cleaning items,No,No,AF
121498842_8,Mahecha (2018),Sembrando Oportunidades Familia por Familia in Paraguay,Paraguay,"EVALUACIÓN DE EFECTOS DEL
PROGRAMA SEMBRANDO
OPORTUNIDADES FAMILIA POR
FAMILIA
Resultados",Health,Happiness level - Nivel de felicidad,Page 46; Table 16; Cuadro 16. Efectos en SD en la reducción de la brecha en expectativas a 2 y 5 años para hogares participantes de SOF; Row: Nivel de felicidad; Column: EI1 Efecto,"coefficient with asterisk, std erorr in same col",No,None,,,No,NA,No,No,AF
121498842_9,Mahecha (2018),Sembrando Oportunidades Familia por Familia in Paraguay,Paraguay,"EVALUACIÓN DE EFECTOS DEL
PROGRAMA SEMBRANDO
OPORTUNIDADES FAMILIA POR
FAMILIA
Resultados",Health,Wellbeing perception - Percepción de bienestar,Page 46; Table 16; Cuadro 16. Efectos en SD en la reducción de la brecha en expectativas a 2 y 5 años para hogares participantes de SOF; Row: Percepción de bienestar; Column: EI1 Efecto,"coefficient with asterisk, std erorr in same col",No,None,,,No,NA,No,No,AF
121294795_1,Matsuda,ACTIVO project,Hondura,A booster to conditional cash transfer programme: experimental evidence on financial inclusion and livelihood enhancement project,Income,Income from Total Income (Annual income (Lempira)) Urban sample,"page: 153; table: 7; table label: Table 7. ITT estimation results (2) income outcomes; row label: Panel A: Urban sample, Coef.; column label: (1) Total Income","coef, p asterisks, std error in same col",No,"I did not map outcome effect ""outcome balance"" table 5 as authors consider this different from total saving see footnote 19. 
Authors do not specify which of the urban or rural sample represent the ""preferred"" specification. Authors discuss both results from the urban and rural samples. Observations are averaged at the village level in the rural sample (individual level for the urban sample). This is due to the random assignment of the intervention, see below:
""In urban areas, CCT beneficiaries were stratified at the municipality level and individuals were randomly assigned to either the treatment or control groups. In rural areas, the unit of randomisation was at the village level. In total, there were 27 village clusters. "" p147
""measured at the individual level in urban areas and averaged at the village level in rural areas"" p148",Yes,No,Yes,Urban sample,No,No,PM
121294795_2,Matsuda,ACTIVO project,Hondura,A booster to conditional cash transfer programme: experimental evidence on financial inclusion and livelihood enhancement project,Income,Income from Total Income (Annual income (Lempira)) Rural sample,"page: 153; table: 7; table label: Table 7. ITT estimation results (2) income outcomes; row label: Panel B: Rural sample, Coef.; column label: (1) Total Income","coef, p asterisks, std error in same col",No,"Authors do not specify which of the urban or rural sample represent the ""preferred"" specification. Authors discuss both results from the urban and rural samples. Observations are averaged at the village level in the rural sample (individual level for the urban sample). This is due to the random assignment of the intervention, see below:
""In urban areas, CCT beneficiaries were stratified at the municipality level and individuals were randomly assigned to either the treatment or control groups. In rural areas, the unit of randomisation was at the village level. In total, there were 27 village clusters. "" p147
""measured at the individual level in urban areas and averaged at the village level in rural areas"" p148",,,Yes,Rural sample,No,No,PM
121294795_3,Matsuda,ACTIVO project,Hondura,A booster to conditional cash transfer programme: experimental evidence on financial inclusion and livelihood enhancement project,Expenditure,Expenditure  (Annual expenditure (Lempira)) Rural sample,"page: 153; table: 7; table label: Table 7. ITT estimation results (2) income outcomes; row label: Panel A: Urban sample, Coef.; column label: (7) Expenditure","coef, p asterisks, std error in same col",No,"Authors do not specify which of the urban or rural sample represent the ""preferred"" specification. Authors discuss both results from the urban and rural samples. Observations are averaged at the village level in the rural sample (individual level for the urban sample). This is due to the random assignment of the intervention, see below:
""In urban areas, CCT beneficiaries were stratified at the municipality level and individuals were randomly assigned to either the treatment or control groups. In rural areas, the unit of randomisation was at the village level. In total, there were 27 village clusters. "" p147
""measured at the individual level in urban areas and averaged at the village level in rural areas"" p148",,,Yes,Urban sample,No,No,PM
121294795_4,Matsuda,ACTIVO project,Hondura,A booster to conditional cash transfer programme: experimental evidence on financial inclusion and livelihood enhancement project,Expenditure,Expenditure (Annual expenditure (Lempira)) Urban sample,"page: 153; table: 7; table label: Table 7. ITT estimation results (2) income outcomes; row label: Panel B: Rural sample, Coef.; column label: (7) Expenditure","coef, p asterisks, std error in same col",No,"Authors do not specify which of the urban or rural sample represent the ""preferred"" specification. Authors discuss both results from the urban and rural samples. Observations are averaged at the village level in the rural sample (individual level for the urban sample). This is due to the random assignment of the intervention, see below:
""In urban areas, CCT beneficiaries were stratified at the municipality level and individuals were randomly assigned to either the treatment or control groups. In rural areas, the unit of randomisation was at the village level. In total, there were 27 village clusters. "" p147
""measured at the individual level in urban areas and averaged at the village level in rural areas"" p148",,,Yes,Rural sample,No,No,PM
121326829_1,Zheng,BOMA Project Graduation Program,Kenya,Assessing the Impacts and Spillover Effects of Multifaceted Graduation Programs in a Pastoralist Region,Assets,Women’s Business Assets ($PPP),"page: 79; table: 4.2; table label: Table 4.2. Average Treatment Effects Midline and Endline; row label: Women’s Business Assets ($PPP); column label: Treatment Waves 1-2, Midline","coef, p asterisks, std error in same col",No,"Waves 1-2 Midline: effect after 18-24 months in the programme
Time of effect is quite complicated: 
“Data was collected in three rounds: baseline in 2018, midline in 2020 (pre-COVID), and endline in 2022"" p3
""By the time of midline data collection, BOMA women started the programs in different waves had been enrolled for different durations. (i.e. wave 1 women would have been in the program for 24 months, wave 2 for 18 months, wave 3 for 12 months and wave 4 for 6 months)."" p222
 “At midline, wave 1 women had just graduated from the program, wave 2 women were 18 months into the program, wave 3 women were 12 months in, and wave 4 women had been in the program for 6 months. Wave 5 women, on the other hand, entered the program after the midline and had been in the program for 18-24 months by the time of the endline data collection.” P77
“Wave 5 women, on the other hand, entered the program after the midline and had been in the program for 18-24 months by the time of the endline data collection. “ p78
“With the endline data collected at the beginning of 2022” p68
Relevant estimates are in chapter 4: ""The second chapter delves into the spillover effects of the REAP program through the female kinship network within local communities."" pii
""In Chapter 2, we demonstrate that, once the spillover effects onto the non-treated women are taken into account, the REAP program has significant positive impacts on women’s productive assets, family cash income, and financial savings."" p67
""With the endline data collected at the beginning of 2022, we aim to examine the medium to long-term effects of the graduation program in the pastoralist regions."" p67",Yes,Yes,Yes,Vulnerable group,No,Yes,PM
121326829_2,Zheng,BOMA Project Graduation Program,Kenya,Assessing the Impacts and Spillover Effects of Multifaceted Graduation Programs in a Pastoralist Region,Assets,Women’s Business Assets ($PPP),"page: 79; table: 4.2; table label: Table 4.2. Average Treatment Effects Midline and Endline; row label: Women’s Business Assets ($PPP); column label: Treatment Waves 1-2, Endline","coef, p asterisks, std error in same col",No,"Waves 1-2 Endline: effect after 42-48 months in the programme
Time of effect is quite complicated: 
“Data was collected in three rounds: baseline in 2018, midline in 2020 (pre-COVID), and endline in 2022"" p3
""By the time of midline data collection, BOMA women started the programs in different waves had been enrolled for different durations. (i.e. wave 1 women would have been in the program for 24 months, wave 2 for 18 months, wave 3 for 12 months and wave 4 for 6 months)."" p222
 “At midline, wave 1 women had just graduated from the program, wave 2 women were 18 months into the program, wave 3 women were 12 months in, and wave 4 women had been in the program for 6 months. Wave 5 women, on the other hand, entered the program after the midline and had been in the program for 18-24 months by the time of the endline data collection.” P77
“Wave 5 women, on the other hand, entered the program after the midline and had been in the program for 18-24 months by the time of the endline data collection. “ p78
“With the endline data collected at the beginning of 2022” p68
Relevant estimates are in chapter 4: ""The second chapter delves into the spillover effects of the REAP program through the female kinship network within local communities."" pii
""In Chapter 2, we demonstrate that, once the spillover effects onto the non-treated women are taken into account, the REAP program has significant positive impacts on women’s productive assets, family cash income, and financial savings."" p67
""With the endline data collected at the beginning of 2022, we aim to examine the medium to long-term effects of the graduation program in the pastoralist regions."" p67",,,No,NA,No,No,PM
121326829_3,Zheng,BOMA Project Graduation Program,Kenya,Assessing the Impacts and Spillover Effects of Multifaceted Graduation Programs in a Pastoralist Region,Assets,Women’s Business Assets ($PPP),"page: 79; table: 4.2; table label: Table 4.2. Average Treatment Effects Midline and Endline; row label: Women’s Business Assets ($PPP); column label: Treatment Waves 3-4, Midline","coef, p asterisks, std error in same col",No,"Waves 3-4 Midline: effect after 6-12 months in the programme
Time of effect is quite complicated: 
“Data was collected in three rounds: baseline in 2018, midline in 2020 (pre-COVID), and endline in 2022"" p3
""By the time of midline data collection, BOMA women started the programs in different waves had been enrolled for different durations. (i.e. wave 1 women would have been in the program for 24 months, wave 2 for 18 months, wave 3 for 12 months and wave 4 for 6 months)."" p222
 “At midline, wave 1 women had just graduated from the program, wave 2 women were 18 months into the program, wave 3 women were 12 months in, and wave 4 women had been in the program for 6 months. Wave 5 women, on the other hand, entered the program after the midline and had been in the program for 18-24 months by the time of the endline data collection.” P77
“Wave 5 women, on the other hand, entered the program after the midline and had been in the program for 18-24 months by the time of the endline data collection. “ p78
“With the endline data collected at the beginning of 2022” p68
Relevant estimates are in chapter 4: ""The second chapter delves into the spillover effects of the REAP program through the female kinship network within local communities."" pii
""In Chapter 2, we demonstrate that, once the spillover effects onto the non-treated women are taken into account, the REAP program has significant positive impacts on women’s productive assets, family cash income, and financial savings."" p67
""With the endline data collected at the beginning of 2022, we aim to examine the medium to long-term effects of the graduation program in the pastoralist regions."" p67",,,No,NA,No,No,PM
121326829_4,Zheng,BOMA Project Graduation Program,Kenya,Assessing the Impacts and Spillover Effects of Multifaceted Graduation Programs in a Pastoralist Region,Assets,Women’s Business Assets ($PPP),"page: 79; table: 4.2; table label: Table 4.2. Average Treatment Effects Midline and Endline; row label: Women’s Business Assets ($PPP); column label: Treatment Waves 3-4, Endline","coef, p asterisks, std error in same col",No,"Waves 3-4 Endline: effect after 30-36 months in the programme
Time of effect is quite complicated: 
“Data was collected in three rounds: baseline in 2018, midline in 2020 (pre-COVID), and endline in 2022"" p3
""By the time of midline data collection, BOMA women started the programs in different waves had been enrolled for different durations. (i.e. wave 1 women would have been in the program for 24 months, wave 2 for 18 months, wave 3 for 12 months and wave 4 for 6 months)."" p222
 “At midline, wave 1 women had just graduated from the program, wave 2 women were 18 months into the program, wave 3 women were 12 months in, and wave 4 women had been in the program for 6 months. Wave 5 women, on the other hand, entered the program after the midline and had been in the program for 18-24 months by the time of the endline data collection.” P77
“Wave 5 women, on the other hand, entered the program after the midline and had been in the program for 18-24 months by the time of the endline data collection. “ p78
“With the endline data collected at the beginning of 2022” p68
Relevant estimates are in chapter 4: ""The second chapter delves into the spillover effects of the REAP program through the female kinship network within local communities."" pii
""In Chapter 2, we demonstrate that, once the spillover effects onto the non-treated women are taken into account, the REAP program has significant positive impacts on women’s productive assets, family cash income, and financial savings."" p67
""With the endline data collected at the beginning of 2022, we aim to examine the medium to long-term effects of the graduation program in the pastoralist regions."" p67",,,No,NA,No,No,PM
121326829_5,Zheng,BOMA Project Graduation Program,Kenya,Assessing the Impacts and Spillover Effects of Multifaceted Graduation Programs in a Pastoralist Region,Assets,Women’s Business Assets ($PPP),"page: 79; table: 4.2; table label: Table 4.2. Average Treatment Effects Midline and Endline; row label: Women’s Business Assets ($PPP); column label: Treatment Waves 5, Endline","coef, p asterisks, std error in same col",No,"Wave 5 Endline: effect after 18-24 months in the programme
Time of effect is quite complicated: 
“Data was collected in three rounds: baseline in 2018, midline in 2020 (pre-COVID), and endline in 2022"" p3
""By the time of midline data collection, BOMA women started the programs in different waves had been enrolled for different durations. (i.e. wave 1 women would have been in the program for 24 months, wave 2 for 18 months, wave 3 for 12 months and wave 4 for 6 months)."" p222
 “At midline, wave 1 women had just graduated from the program, wave 2 women were 18 months into the program, wave 3 women were 12 months in, and wave 4 women had been in the program for 6 months. Wave 5 women, on the other hand, entered the program after the midline and had been in the program for 18-24 months by the time of the endline data collection.” P77
“Wave 5 women, on the other hand, entered the program after the midline and had been in the program for 18-24 months by the time of the endline data collection. “ p78
“With the endline data collected at the beginning of 2022” p68
Relevant estimates are in chapter 4: ""The second chapter delves into the spillover effects of the REAP program through the female kinship network within local communities."" pii
""In Chapter 2, we demonstrate that, once the spillover effects onto the non-treated women are taken into account, the REAP program has significant positive impacts on women’s productive assets, family cash income, and financial savings."" p67
""With the endline data collected at the beginning of 2022, we aim to examine the medium to long-term effects of the graduation program in the pastoralist regions."" p67",,,No,NA,No,No,PM
121326829_6,Zheng,BOMA Project Graduation Program,Kenya,Assessing the Impacts and Spillover Effects of Multifaceted Graduation Programs in a Pastoralist Region,Income,Household Income ($PPP),"page: 79; table: 4.2; table label: Table 4.2. Average Treatment Effects Midline and Endline; row label: Household Income ($PPP); column label: Treatment Waves 1-2, Midline","coef, p asterisks, std error in same col",No,"Waves 1-2 Midline: effect after 18-24 months in the programme
Time of effect is quite complicated: 
“Data was collected in three rounds: baseline in 2018, midline in 2020 (pre-COVID), and endline in 2022"" p3
""By the time of midline data collection, BOMA women started the programs in different waves had been enrolled for different durations. (i.e. wave 1 women would have been in the program for 24 months, wave 2 for 18 months, wave 3 for 12 months and wave 4 for 6 months)."" p222
 “At midline, wave 1 women had just graduated from the program, wave 2 women were 18 months into the program, wave 3 women were 12 months in, and wave 4 women had been in the program for 6 months. Wave 5 women, on the other hand, entered the program after the midline and had been in the program for 18-24 months by the time of the endline data collection.” P77
“Wave 5 women, on the other hand, entered the program after the midline and had been in the program for 18-24 months by the time of the endline data collection. “ p78
“With the endline data collected at the beginning of 2022” p68
Relevant estimates are in chapter 4: ""The second chapter delves into the spillover effects of the REAP program through the female kinship network within local communities."" pii
""In Chapter 2, we demonstrate that, once the spillover effects onto the non-treated women are taken into account, the REAP program has significant positive impacts on women’s productive assets, family cash income, and financial savings."" p67
""With the endline data collected at the beginning of 2022, we aim to examine the medium to long-term effects of the graduation program in the pastoralist regions."" p67",,,Yes,Vulnerable group,No,Yes,PM
121326829_7,Zheng,BOMA Project Graduation Program,Kenya,Assessing the Impacts and Spillover Effects of Multifaceted Graduation Programs in a Pastoralist Region,Income,Household Income ($PPP),"page: 79; table: 4.2; table label: Table 4.2. Average Treatment Effects Midline and Endline; row label: Household Income ($PPP); column label: Treatment Waves 1-2, Endline","coef, p asterisks, std error in same col",No,"Waves 1-2 Endline: effect after 42-48 months in the programme
Time of effect is quite complicated: 
“Data was collected in three rounds: baseline in 2018, midline in 2020 (pre-COVID), and endline in 2022"" p3
""By the time of midline data collection, BOMA women started the programs in different waves had been enrolled for different durations. (i.e. wave 1 women would have been in the program for 24 months, wave 2 for 18 months, wave 3 for 12 months and wave 4 for 6 months)."" p222
 “At midline, wave 1 women had just graduated from the program, wave 2 women were 18 months into the program, wave 3 women were 12 months in, and wave 4 women had been in the program for 6 months. Wave 5 women, on the other hand, entered the program after the midline and had been in the program for 18-24 months by the time of the endline data collection.” P77
“Wave 5 women, on the other hand, entered the program after the midline and had been in the program for 18-24 months by the time of the endline data collection. “ p78
“With the endline data collected at the beginning of 2022” p68
Relevant estimates are in chapter 4: ""The second chapter delves into the spillover effects of the REAP program through the female kinship network within local communities."" pii
""In Chapter 2, we demonstrate that, once the spillover effects onto the non-treated women are taken into account, the REAP program has significant positive impacts on women’s productive assets, family cash income, and financial savings."" p67
""With the endline data collected at the beginning of 2022, we aim to examine the medium to long-term effects of the graduation program in the pastoralist regions."" p67",,,No,NA,No,No,PM
121326829_8,Zheng,BOMA Project Graduation Program,Kenya,Assessing the Impacts and Spillover Effects of Multifaceted Graduation Programs in a Pastoralist Region,Income,Household Income ($PPP),"page: 79; table: 4.2; table label: Table 4.2. Average Treatment Effects Midline and Endline; row label: Household Income ($PPP); column label: Treatment Waves 3-4, Midline","coef, p asterisks, std error in same col",No,"Waves 3-4 Midline: effect after 6-12 months in the programme
Time of effect is quite complicated: 
“Data was collected in three rounds: baseline in 2018, midline in 2020 (pre-COVID), and endline in 2022"" p3
""By the time of midline data collection, BOMA women started the programs in different waves had been enrolled for different durations. (i.e. wave 1 women would have been in the program for 24 months, wave 2 for 18 months, wave 3 for 12 months and wave 4 for 6 months)."" p222
 “At midline, wave 1 women had just graduated from the program, wave 2 women were 18 months into the program, wave 3 women were 12 months in, and wave 4 women had been in the program for 6 months. Wave 5 women, on the other hand, entered the program after the midline and had been in the program for 18-24 months by the time of the endline data collection.” P77
“Wave 5 women, on the other hand, entered the program after the midline and had been in the program for 18-24 months by the time of the endline data collection. “ p78
“With the endline data collected at the beginning of 2022” p68
Relevant estimates are in chapter 4: ""The second chapter delves into the spillover effects of the REAP program through the female kinship network within local communities."" pii
""In Chapter 2, we demonstrate that, once the spillover effects onto the non-treated women are taken into account, the REAP program has significant positive impacts on women’s productive assets, family cash income, and financial savings."" p67
""With the endline data collected at the beginning of 2022, we aim to examine the medium to long-term effects of the graduation program in the pastoralist regions."" p67",,,No,NA,No,No,PM
121326829_9,Zheng,BOMA Project Graduation Program,Kenya,Assessing the Impacts and Spillover Effects of Multifaceted Graduation Programs in a Pastoralist Region,Income,Household Income ($PPP),"page: 79; table: 4.2; table label: Table 4.2. Average Treatment Effects Midline and Endline; row label: Household Income ($PPP); column label: Treatment Waves 3-4, Endline","coef, p asterisks, std error in same col",No,"Waves 3-4 Endline: effect after 30-36 months in the programme
Time of effect is quite complicated: 
“Data was collected in three rounds: baseline in 2018, midline in 2020 (pre-COVID), and endline in 2022"" p3
""By the time of midline data collection, BOMA women started the programs in different waves had been enrolled for different durations. (i.e. wave 1 women would have been in the program for 24 months, wave 2 for 18 months, wave 3 for 12 months and wave 4 for 6 months)."" p222
 “At midline, wave 1 women had just graduated from the program, wave 2 women were 18 months into the program, wave 3 women were 12 months in, and wave 4 women had been in the program for 6 months. Wave 5 women, on the other hand, entered the program after the midline and had been in the program for 18-24 months by the time of the endline data collection.” P77
“Wave 5 women, on the other hand, entered the program after the midline and had been in the program for 18-24 months by the time of the endline data collection. “ p78
“With the endline data collected at the beginning of 2022” p68
Relevant estimates are in chapter 4: ""The second chapter delves into the spillover effects of the REAP program through the female kinship network within local communities."" pii
""In Chapter 2, we demonstrate that, once the spillover effects onto the non-treated women are taken into account, the REAP program has significant positive impacts on women’s productive assets, family cash income, and financial savings."" p67
""With the endline data collected at the beginning of 2022, we aim to examine the medium to long-term effects of the graduation program in the pastoralist regions."" p67",,,No,NA,No,No,PM
121326829_10,Zheng,BOMA Project Graduation Program,Kenya,Assessing the Impacts and Spillover Effects of Multifaceted Graduation Programs in a Pastoralist Region,Income,Household Income ($PPP),"page: 79; table: 4.2; table label: Table 4.2. Average Treatment Effects Midline and Endline; row label: Household Income ($PPP); column label: Treatment Waves 5, Endline","coef, p asterisks, std error in same col",No,"Wave 5 Endline: effect after 18-24 months in the programme
Time of effect is quite complicated: 
“Data was collected in three rounds: baseline in 2018, midline in 2020 (pre-COVID), and endline in 2022"" p3
""By the time of midline data collection, BOMA women started the programs in different waves had been enrolled for different durations. (i.e. wave 1 women would have been in the program for 24 months, wave 2 for 18 months, wave 3 for 12 months and wave 4 for 6 months)."" p222
 “At midline, wave 1 women had just graduated from the program, wave 2 women were 18 months into the program, wave 3 women were 12 months in, and wave 4 women had been in the program for 6 months. Wave 5 women, on the other hand, entered the program after the midline and had been in the program for 18-24 months by the time of the endline data collection.” P77
“Wave 5 women, on the other hand, entered the program after the midline and had been in the program for 18-24 months by the time of the endline data collection. “ p78
“With the endline data collected at the beginning of 2022” p68
Relevant estimates are in chapter 4: ""The second chapter delves into the spillover effects of the REAP program through the female kinship network within local communities."" pii
""In Chapter 2, we demonstrate that, once the spillover effects onto the non-treated women are taken into account, the REAP program has significant positive impacts on women’s productive assets, family cash income, and financial savings."" p67
""With the endline data collected at the beginning of 2022, we aim to examine the medium to long-term effects of the graduation program in the pastoralist regions."" p67",,,No,NA,No,No,PM
121326829_11,Zheng,BOMA Project Graduation Program,Kenya,Assessing the Impacts and Spillover Effects of Multifaceted Graduation Programs in a Pastoralist Region,Savings,Women’s Savings ($PPP),"page: 79; table: 4.2; table label: Table 4.2. Average Treatment Effects Midline and Endline; row label: Women’s Savings ($PPP); column label: Treatment Waves 1-2, Midline","coef, p asterisks, std error in same col",No,"Waves 1-2 Midline: effect after 18-24 months in the programme
Time of effect is quite complicated: 
“Data was collected in three rounds: baseline in 2018, midline in 2020 (pre-COVID), and endline in 2022"" p3
""By the time of midline data collection, BOMA women started the programs in different waves had been enrolled for different durations. (i.e. wave 1 women would have been in the program for 24 months, wave 2 for 18 months, wave 3 for 12 months and wave 4 for 6 months)."" p222
 “At midline, wave 1 women had just graduated from the program, wave 2 women were 18 months into the program, wave 3 women were 12 months in, and wave 4 women had been in the program for 6 months. Wave 5 women, on the other hand, entered the program after the midline and had been in the program for 18-24 months by the time of the endline data collection.” P77
“Wave 5 women, on the other hand, entered the program after the midline and had been in the program for 18-24 months by the time of the endline data collection. “ p78
“With the endline data collected at the beginning of 2022” p68
Relevant estimates are in chapter 4: ""The second chapter delves into the spillover effects of the REAP program through the female kinship network within local communities."" pii
""In Chapter 2, we demonstrate that, once the spillover effects onto the non-treated women are taken into account, the REAP program has significant positive impacts on women’s productive assets, family cash income, and financial savings."" p67
""With the endline data collected at the beginning of 2022, we aim to examine the medium to long-term effects of the graduation program in the pastoralist regions."" p67",,,Yes,Vulnerable group,No,Yes,PM
121326829_12,Zheng,BOMA Project Graduation Program,Kenya,Assessing the Impacts and Spillover Effects of Multifaceted Graduation Programs in a Pastoralist Region,Savings,Women’s Savings ($PPP),"page: 79; table: 4.2; table label: Table 4.2. Average Treatment Effects Midline and Endline; row label: Women’s Savings ($PPP); column label: Treatment Waves 1-2, Endline","coef, p asterisks, std error in same col",No,"Waves 1-2 Endline: effect after 42-48 months in the programme
Time of effect is quite complicated: 
“Data was collected in three rounds: baseline in 2018, midline in 2020 (pre-COVID), and endline in 2022"" p3
""By the time of midline data collection, BOMA women started the programs in different waves had been enrolled for different durations. (i.e. wave 1 women would have been in the program for 24 months, wave 2 for 18 months, wave 3 for 12 months and wave 4 for 6 months)."" p222
 “At midline, wave 1 women had just graduated from the program, wave 2 women were 18 months into the program, wave 3 women were 12 months in, and wave 4 women had been in the program for 6 months. Wave 5 women, on the other hand, entered the program after the midline and had been in the program for 18-24 months by the time of the endline data collection.” P77
“Wave 5 women, on the other hand, entered the program after the midline and had been in the program for 18-24 months by the time of the endline data collection. “ p78
“With the endline data collected at the beginning of 2022” p68
Relevant estimates are in chapter 4: ""The second chapter delves into the spillover effects of the REAP program through the female kinship network within local communities."" pii
""In Chapter 2, we demonstrate that, once the spillover effects onto the non-treated women are taken into account, the REAP program has significant positive impacts on women’s productive assets, family cash income, and financial savings."" p67
""With the endline data collected at the beginning of 2022, we aim to examine the medium to long-term effects of the graduation program in the pastoralist regions."" p67",,,No,NA,No,No,PM
121326829_13,Zheng,BOMA Project Graduation Program,Kenya,Assessing the Impacts and Spillover Effects of Multifaceted Graduation Programs in a Pastoralist Region,Savings,Women’s Savings ($PPP),"page: 79; table: 4.2; table label: Table 4.2. Average Treatment Effects Midline and Endline; row label: Women’s Savings ($PPP); column label: Treatment Waves 3-4, Midline","coef, p asterisks, std error in same col",No,"Waves 3-4 Midline: effect after 6-12 months in the programme
Time of effect is quite complicated: 
“Data was collected in three rounds: baseline in 2018, midline in 2020 (pre-COVID), and endline in 2022"" p3
""By the time of midline data collection, BOMA women started the programs in different waves had been enrolled for different durations. (i.e. wave 1 women would have been in the program for 24 months, wave 2 for 18 months, wave 3 for 12 months and wave 4 for 6 months)."" p222
 “At midline, wave 1 women had just graduated from the program, wave 2 women were 18 months into the program, wave 3 women were 12 months in, and wave 4 women had been in the program for 6 months. Wave 5 women, on the other hand, entered the program after the midline and had been in the program for 18-24 months by the time of the endline data collection.” P77
“Wave 5 women, on the other hand, entered the program after the midline and had been in the program for 18-24 months by the time of the endline data collection. “ p78
“With the endline data collected at the beginning of 2022” p68
Relevant estimates are in chapter 4: ""The second chapter delves into the spillover effects of the REAP program through the female kinship network within local communities."" pii
""In Chapter 2, we demonstrate that, once the spillover effects onto the non-treated women are taken into account, the REAP program has significant positive impacts on women’s productive assets, family cash income, and financial savings."" p67
""With the endline data collected at the beginning of 2022, we aim to examine the medium to long-term effects of the graduation program in the pastoralist regions."" p67",,,No,NA,No,No,PM
121326829_14,Zheng,BOMA Project Graduation Program,Kenya,Assessing the Impacts and Spillover Effects of Multifaceted Graduation Programs in a Pastoralist Region,Savings,Women’s Savings ($PPP),"page: 79; table: 4.2; table label: Table 4.2. Average Treatment Effects Midline and Endline; row label: Women’s Savings ($PPP); column label: Treatment Waves 3-4, Endline","coef, p asterisks, std error in same col",No,"Waves 3-4 Endline: effect after 30-36 months in the programme
Time of effect is quite complicated: 
“Data was collected in three rounds: baseline in 2018, midline in 2020 (pre-COVID), and endline in 2022"" p3
""By the time of midline data collection, BOMA women started the programs in different waves had been enrolled for different durations. (i.e. wave 1 women would have been in the program for 24 months, wave 2 for 18 months, wave 3 for 12 months and wave 4 for 6 months)."" p222
 “At midline, wave 1 women had just graduated from the program, wave 2 women were 18 months into the program, wave 3 women were 12 months in, and wave 4 women had been in the program for 6 months. Wave 5 women, on the other hand, entered the program after the midline and had been in the program for 18-24 months by the time of the endline data collection.” P77
“Wave 5 women, on the other hand, entered the program after the midline and had been in the program for 18-24 months by the time of the endline data collection. “ p78
“With the endline data collected at the beginning of 2022” p68
Relevant estimates are in chapter 4: ""The second chapter delves into the spillover effects of the REAP program through the female kinship network within local communities."" pii
""In Chapter 2, we demonstrate that, once the spillover effects onto the non-treated women are taken into account, the REAP program has significant positive impacts on women’s productive assets, family cash income, and financial savings."" p67
""With the endline data collected at the beginning of 2022, we aim to examine the medium to long-term effects of the graduation program in the pastoralist regions."" p67",,,No,NA,No,No,PM
121326829_15,Zheng,BOMA Project Graduation Program,Kenya,Assessing the Impacts and Spillover Effects of Multifaceted Graduation Programs in a Pastoralist Region,Savings,Women’s Savings ($PPP),"page: 79; table: 4.2; table label: Table 4.2. Average Treatment Effects Midline and Endline; row label: Women’s Savings ($PPP); column label: Treatment Waves 5, Endline","coef, p asterisks, std error in same col",No,"Wave 5 Endline: effect after 18-24 months in the programme
Time of effect is quite complicated: 
“Data was collected in three rounds: baseline in 2018, midline in 2020 (pre-COVID), and endline in 2022"" p3
""By the time of midline data collection, BOMA women started the programs in different waves had been enrolled for different durations. (i.e. wave 1 women would have been in the program for 24 months, wave 2 for 18 months, wave 3 for 12 months and wave 4 for 6 months)."" p222
 “At midline, wave 1 women had just graduated from the program, wave 2 women were 18 months into the program, wave 3 women were 12 months in, and wave 4 women had been in the program for 6 months. Wave 5 women, on the other hand, entered the program after the midline and had been in the program for 18-24 months by the time of the endline data collection.” P77
“Wave 5 women, on the other hand, entered the program after the midline and had been in the program for 18-24 months by the time of the endline data collection. “ p78
“With the endline data collected at the beginning of 2022” p68
Relevant estimates are in chapter 4: ""The second chapter delves into the spillover effects of the REAP program through the female kinship network within local communities."" pii
""In Chapter 2, we demonstrate that, once the spillover effects onto the non-treated women are taken into account, the REAP program has significant positive impacts on women’s productive assets, family cash income, and financial savings."" p67
""With the endline data collected at the beginning of 2022, we aim to examine the medium to long-term effects of the graduation program in the pastoralist regions."" p67",,,No,NA,No,No,PM
121307773_1,Macours,Demand versus Returns? Pro-Poor Targeting of Business Grants and Vocational Skills Training ,,Atencion a Crisis program,Expenditure,ln (per capita expenditures),page: 22; table: 1; table label: Table 1: Average impacts of business grant and training on household expenditures and non-agricultural economic activities; row label: grant; column label: (1) ln (per capita expenditures),"coef, p asterisks, std error in same col",No,Grant,Yes,No,Yes,"results by poverty level, by baseline activity (Non-agr. self or wage employment), by baseline demand",No,No,PM
121307773_2,Macours,Demand versus Returns? Pro-Poor Targeting of Business Grants and Vocational Skills Training ,,Atencion a Crisis program,Expenditure,ln (per capita expenditures),page: 22; table: 1; table label: Table 1: Average impacts of business grant and training on household expenditures and non-agricultural economic activities; row label: training; column label: (1) ln (per capita expenditures),"coef, p asterisks, std error in same col",No,Training,,,Yes,"results by poverty level, by baseline activity (Non-agr. self or wage employment), by baseline demand",No,No,PM
121307773_3,Macours,Demand versus Returns? Pro-Poor Targeting of Business Grants and Vocational Skills Training ,,Atencion a Crisis program,Work or employment,Has non-agricultural self-employment,page: 22; table: 1; table label: Table 1: Average impacts of business grant and training on household expenditures and non-agricultural economic activities; row label: grant; column label: (2) Has non-agricultural self-employment,"coef, p asterisks, std error in same col",No,Grant,,,Yes,"results by poverty level, by baseline activity (Non-agr. self or wage employment), by baseline demand",No,No,PM
121307773_4,Macours,Demand versus Returns? Pro-Poor Targeting of Business Grants and Vocational Skills Training ,,Atencion a Crisis program,Work or employment,Has non-agricultural self-employment,page: 22; table: 1; table label: Table 1: Average impacts of business grant and training on household expenditures and non-agricultural economic activities; row label: training; column label: (2) Has non-agricultural self-employment,"coef, p asterisks, std error in same col",No,Training,,,Yes,"results by poverty level, by baseline activity (Non-agr. self or wage employment), by baseline demand",No,No,PM
121307773_5,Macours,Demand versus Returns? Pro-Poor Targeting of Business Grants and Vocational Skills Training ,,Atencion a Crisis program,Work or employment,Has non-agricultural wage job,page: 22; table: 1; table label: Table 1: Average impacts of business grant and training on household expenditures and non-agricultural economic activities; row label: grant; column label: (3) Has non-agricultural wage job,"coef, p asterisks, std error in same col",No,Grant,,,Yes,"results by poverty level, by baseline activity (Non-agr. self or wage employment), by baseline demand",No,No,PM
121307773_6,Macours,Demand versus Returns? Pro-Poor Targeting of Business Grants and Vocational Skills Training ,,Atencion a Crisis program,Work or employment,Has non-agricultural wage job,page: 22; table: 1; table label: Table 1: Average impacts of business grant and training on household expenditures and non-agricultural economic activities; row label: training; column label: (3) Has non-agricultural wage job,"coef, p asterisks, std error in same col",No,Training,,,Yes,"results by poverty level, by baseline activity (Non-agr. self or wage employment), by baseline demand",No,No,PM
121307773_7,Macours,Demand versus Returns? Pro-Poor Targeting of Business Grants and Vocational Skills Training ,,Atencion a Crisis program,Income,Profits in non-agricultural self-employment,page: 22; table: 1; table label: Table 1: Average impacts of business grant and training on household expenditures and non-agricultural economic activities; row label: grant; column label: (4) Profits in non-agricultural self-employment,"coef, p asterisks, std error in same col",No,Grant,,,Yes,"results by poverty level, by baseline activity (Non-agr. self or wage employment), by baseline demand",No,No,PM
121307773_8,Macours,Demand versus Returns? Pro-Poor Targeting of Business Grants and Vocational Skills Training ,,Atencion a Crisis program,Income,Profits in non-agricultural self-employment,page: 22; table: 1; table label: Table 1: Average impacts of business grant and training on household expenditures and non-agricultural economic activities; row label: training; column label: (4) Profits in non-agricultural self-employment,"coef, p asterisks, std error in same col",No,Training,,,Yes,"results by poverty level, by baseline activity (Non-agr. self or wage employment), by baseline demand",No,No,PM
121307773_9,Macours,Demand versus Returns? Pro-Poor Targeting of Business Grants and Vocational Skills Training ,,Atencion a Crisis program,Income,Brut income in non-agricultural self-employment,page: 22; table: 1; table label: Table 1: Average impacts of business grant and training on household expenditures and non-agricultural economic activities; row label: grant; column label: (5) Brut income in non-agricultural self-employment,"coef, p asterisks, std error in same col",No,Grant,,,Yes,"results by poverty level, by baseline activity (Non-agr. self or wage employment), by baseline demand",No,No,PM
121307773_10,Macours,Demand versus Returns? Pro-Poor Targeting of Business Grants and Vocational Skills Training ,,Atencion a Crisis program,Income,Brut income in non-agricultural self-employment,page: 22; table: 1; table label: Table 1: Average impacts of business grant and training on household expenditures and non-agricultural economic activities; row label: training; column label: (5) Brut income in non-agricultural self-employment,"coef, p asterisks, std error in same col",No,Training,,,Yes,"results by poverty level, by baseline activity (Non-agr. self or wage employment), by baseline demand",No,No,PM
121307773_11,Macours,Demand versus Returns? Pro-Poor Targeting of Business Grants and Vocational Skills Training ,,Atencion a Crisis program,Income,Total non-agricultural wage income,page: 22; table: 1; table label: Table 1: Average impacts of business grant and training on household expenditures and non-agricultural economic activities; row label: grant; column label: (6) Total non-agricultural wage income,"coef, p asterisks, std error in same col",No,Grant,,,Yes,"results by poverty level, by baseline activity (Non-agr. self or wage employment), by baseline demand",No,No,PM
121307773_12,Macours,Demand versus Returns? Pro-Poor Targeting of Business Grants and Vocational Skills Training ,,Atencion a Crisis program,Income,Total non-agricultural wage income,page: 22; table: 1; table label: Table 1: Average impacts of business grant and training on household expenditures and non-agricultural economic activities; row label: training; column label: (6) Total non-agricultural wage income,"coef, p asterisks, std error in same col",No,Training,,,Yes,"results by poverty level, by baseline activity (Non-agr. self or wage employment), by baseline demand",No,No,PM
121307773_13,Macours,Demand versus Returns? Pro-Poor Targeting of Business Grants and Vocational Skills Training ,,Atencion a Crisis program,Income,Non-agriculture wage income in private sector,page: 22; table: 1; table label: Table 1: Average impacts of business grant and training on household expenditures and non-agricultural economic activities; row label: grant; column label: (7) Non-agriculture wage income in private sector,"coef, p asterisks, std error in same col",No,Grant,,,Yes,"results by poverty level, by baseline activity (Non-agr. self or wage employment), by baseline demand",No,No,PM
121307773_14,Macours,Demand versus Returns? Pro-Poor Targeting of Business Grants and Vocational Skills Training ,,Atencion a Crisis program,Income,Non-agriculture wage income in private sector,page: 22; table: 1; table label: Table 1: Average impacts of business grant and training on household expenditures and non-agricultural economic activities; row label: training; column label: (7) Non-agriculture wage income in private sector,"coef, p asterisks, std error in same col",No,Training,,,Yes,"results by poverty level, by baseline activity (Non-agr. self or wage employment), by baseline demand",No,No,PM
121315117_1,Carpio,The Impact of Conditional Cash Transfers on the Amount and Type of Child Labor,,Atencion a Crisis program,Work or employment,Child Total labor hours in the last week,"page: 41; table: 4; table label: Table 4. Tobit regression on child labor hours: basic vs. business grant intervention; row label: Basic/training intervention (T1 = 1 if treated, 0 otherwise) Tobit coefficient—Latent child labor; column label: Total labor hours","coef, p asterisks, std error in same col",No,"Basic/training intervention (T1 = 1 if treated, 0 otherwise). Did not map table 7 as in the robustness tests",No,No,Yes,boys vs girls,No,No,PM
121315117_2,Carpio,The Impact of Conditional Cash Transfers on the Amount and Type of Child Labor,,Atencion a Crisis program,Work or employment,Child Total labor hours in the last week,"page: 41; table: 4; table label: Table 4. Tobit regression on child labor hours: basic vs. business grant intervention; row label: Business grant intervention (T2 = 1 if treated, 0 otherwise) Tobit coefficient—Latent child labor; column label: Total labor hours","coef, p asterisks, std error in same col",No,"Business grant intervention (T2 = 1 if treated, 0 otherwise). Did not map table 7 as in the robustness tests",,,Yes,boys vs girls,No,No,PM
121319138_1,Carpio,The Impact of Wealth on the Amount and Quality of Child Labor,,Atencion a Crisis program,Work or employment,Child Total labor hours in the last week,"page: 33; table: 4; table label: Table 4. Tobit Regression on Child Labor Hours: Overall Program Effect; row label: Program (T=1 if treated, 0 otherwise) Tobit coefficient - Latent child labor; column label: Total labor hours","coef, p asterisks, std error in same col",No,"Full programme (all activities) Program (T=1 if treated, 0 otherwise) Tobit coefficient - Latent child labor. Did not map table 7 as in the robustness tests",No,No,Yes,boys vs girls,No,No,PM
